.pre-commit-config.yaml
CHANGELOG.md
CONTRIBUTING.md
run_tests.py
.clang-format
test_args.json
CMakeLists.txt
README.md
LICENSE
.gitignore
cmake/Modules/FindNVSCI.cmake
cmake/Modules/FindFreeImage.cmake
cmake/Modules/FindEGL.cmake
cmake/toolchains/toolchain-aarch64-qnx.cmake
cmake/toolchains/toolchain-aarch64-linux.cmake
Samples/CMakeLists.txt
Samples/8_Platform_Specific/Tegra/CMakeLists.txt
Samples/8_Platform_Specific/Tegra/cudaNvSciNvMedia/sample.cfg
Samples/8_Platform_Specific/Tegra/cudaNvSciNvMedia/nvmedia_producer.cpp
Samples/8_Platform_Specific/Tegra/cudaNvSciNvMedia/nvsci_setup.h
Samples/8_Platform_Specific/Tegra/cudaNvSciNvMedia/cuda_consumer.cu
Samples/8_Platform_Specific/Tegra/cudaNvSciNvMedia/CMakeLists.txt
Samples/8_Platform_Specific/Tegra/cudaNvSciNvMedia/README.md
Samples/8_Platform_Specific/Tegra/cudaNvSciNvMedia/cuda_consumer.h
Samples/8_Platform_Specific/Tegra/cudaNvSciNvMedia/main.cpp
Samples/8_Platform_Specific/Tegra/cudaNvSciNvMedia/nvsci_setup.cpp
Samples/8_Platform_Specific/Tegra/cudaNvSciNvMedia/nvmedia_producer.h
Samples/8_Platform_Specific/Tegra/cudaNvSciNvMedia/nvmedia_utils/log_utils.cpp
Samples/8_Platform_Specific/Tegra/cudaNvSciNvMedia/nvmedia_utils/image_utils.h
Samples/8_Platform_Specific/Tegra/cudaNvSciNvMedia/nvmedia_utils/cmdline.h
Samples/8_Platform_Specific/Tegra/cudaNvSciNvMedia/nvmedia_utils/misc_utils.h
Samples/8_Platform_Specific/Tegra/cudaNvSciNvMedia/nvmedia_utils/config_parser.cpp
Samples/8_Platform_Specific/Tegra/cudaNvSciNvMedia/nvmedia_utils/misc_utils.cpp
Samples/8_Platform_Specific/Tegra/cudaNvSciNvMedia/nvmedia_utils/config_parser.h
Samples/8_Platform_Specific/Tegra/cudaNvSciNvMedia/nvmedia_utils/log_utils.h
Samples/8_Platform_Specific/Tegra/cudaNvSciNvMedia/nvmedia_utils/cmdline.cpp
Samples/8_Platform_Specific/Tegra/cudaNvSciNvMedia/nvmedia_utils/image_utils.cpp
Samples/8_Platform_Specific/Tegra/cudaNvSciNvMedia/.vscode/c_cpp_properties.json
Samples/8_Platform_Specific/Tegra/cudaNvSciNvMedia/.vscode/extensions.json
Samples/8_Platform_Specific/Tegra/cudaNvSciNvMedia/.vscode/launch.json
Samples/8_Platform_Specific/Tegra/EGLSync_CUDAEvent_Interop/EGLSync_CUDAEvent_Interop.cu
Samples/8_Platform_Specific/Tegra/EGLSync_CUDAEvent_Interop/CMakeLists.txt
Samples/8_Platform_Specific/Tegra/EGLSync_CUDAEvent_Interop/README.md
Samples/8_Platform_Specific/Tegra/EGLSync_CUDAEvent_Interop/graphics_interface.h
Samples/8_Platform_Specific/Tegra/EGLSync_CUDAEvent_Interop/egl_common.h
Samples/8_Platform_Specific/Tegra/EGLSync_CUDAEvent_Interop/.vscode/c_cpp_properties.json
Samples/8_Platform_Specific/Tegra/EGLSync_CUDAEvent_Interop/.vscode/extensions.json
Samples/8_Platform_Specific/Tegra/EGLSync_CUDAEvent_Interop/.vscode/launch.json
Samples/8_Platform_Specific/Tegra/cuDLALayerwiseStatsStandalone/CMakeLists.txt
Samples/8_Platform_Specific/Tegra/cuDLALayerwiseStatsStandalone/README.md
Samples/8_Platform_Specific/Tegra/cuDLALayerwiseStatsStandalone/main.cpp
Samples/8_Platform_Specific/Tegra/cuDLALayerwiseStatsStandalone/.vscode/c_cpp_properties.json
Samples/8_Platform_Specific/Tegra/cuDLALayerwiseStatsStandalone/.vscode/extensions.json
Samples/8_Platform_Specific/Tegra/cuDLALayerwiseStatsStandalone/.vscode/launch.json
Samples/8_Platform_Specific/Tegra/simpleGLES_EGLOutput/simpleGLES_EGLOutput.cu
Samples/8_Platform_Specific/Tegra/simpleGLES_EGLOutput/CMakeLists.txt
Samples/8_Platform_Specific/Tegra/simpleGLES_EGLOutput/README.md
Samples/8_Platform_Specific/Tegra/simpleGLES_EGLOutput/mesh.vert.glsl
Samples/8_Platform_Specific/Tegra/simpleGLES_EGLOutput/graphics_interface_egloutput_via_egl.c
Samples/8_Platform_Specific/Tegra/simpleGLES_EGLOutput/mesh.frag.glsl
Samples/8_Platform_Specific/Tegra/simpleGLES_EGLOutput/.vscode/c_cpp_properties.json
Samples/8_Platform_Specific/Tegra/simpleGLES_EGLOutput/.vscode/extensions.json
Samples/8_Platform_Specific/Tegra/simpleGLES_EGLOutput/.vscode/launch.json
Samples/8_Platform_Specific/Tegra/simpleGLES/CMakeLists.txt
Samples/8_Platform_Specific/Tegra/simpleGLES/README.md
Samples/8_Platform_Specific/Tegra/simpleGLES/graphics_interface.c
Samples/8_Platform_Specific/Tegra/simpleGLES/mesh.vert.glsl
Samples/8_Platform_Specific/Tegra/simpleGLES/simpleGLES.cu
Samples/8_Platform_Specific/Tegra/simpleGLES/mesh.frag.glsl
Samples/8_Platform_Specific/Tegra/simpleGLES/.vscode/c_cpp_properties.json
Samples/8_Platform_Specific/Tegra/simpleGLES/.vscode/extensions.json
Samples/8_Platform_Specific/Tegra/simpleGLES/.vscode/launch.json
Samples/8_Platform_Specific/Tegra/fluidsGLES/defines.h
Samples/8_Platform_Specific/Tegra/fluidsGLES/fluidsGLES_kernels.cu
Samples/8_Platform_Specific/Tegra/fluidsGLES/fluidsGLES_kernels.cuh
Samples/8_Platform_Specific/Tegra/fluidsGLES/CMakeLists.txt
Samples/8_Platform_Specific/Tegra/fluidsGLES/README.md
Samples/8_Platform_Specific/Tegra/fluidsGLES/mesh.vert.glsl
Samples/8_Platform_Specific/Tegra/fluidsGLES/graphics_interface.h
Samples/8_Platform_Specific/Tegra/fluidsGLES/fluidsGLES_kernels.h
Samples/8_Platform_Specific/Tegra/fluidsGLES/fluidsGLES.cpp
Samples/8_Platform_Specific/Tegra/fluidsGLES/mesh.frag.glsl
Samples/8_Platform_Specific/Tegra/fluidsGLES/.vscode/c_cpp_properties.json
Samples/8_Platform_Specific/Tegra/fluidsGLES/.vscode/extensions.json
Samples/8_Platform_Specific/Tegra/fluidsGLES/.vscode/launch.json
Samples/8_Platform_Specific/Tegra/cudaNvSciBufMultiplanar/imageKernels.cu
Samples/8_Platform_Specific/Tegra/cudaNvSciBufMultiplanar/cudaNvSciBufMultiplanar.cpp
Samples/8_Platform_Specific/Tegra/cudaNvSciBufMultiplanar/CMakeLists.txt
Samples/8_Platform_Specific/Tegra/cudaNvSciBufMultiplanar/README.md
Samples/8_Platform_Specific/Tegra/cudaNvSciBufMultiplanar/main.cpp
Samples/8_Platform_Specific/Tegra/cudaNvSciBufMultiplanar/cudaNvSciBufMultiplanar.h
Samples/8_Platform_Specific/Tegra/cudaNvSciBufMultiplanar/.vscode/c_cpp_properties.json
Samples/8_Platform_Specific/Tegra/cudaNvSciBufMultiplanar/.vscode/extensions.json
Samples/8_Platform_Specific/Tegra/cudaNvSciBufMultiplanar/.vscode/launch.json
Samples/8_Platform_Specific/Tegra/cuDLALayerwiseStatsHybrid/main.cu
Samples/8_Platform_Specific/Tegra/cuDLALayerwiseStatsHybrid/CMakeLists.txt
Samples/8_Platform_Specific/Tegra/cuDLALayerwiseStatsHybrid/README.md
Samples/8_Platform_Specific/Tegra/cuDLALayerwiseStatsHybrid/.vscode/c_cpp_properties.json
Samples/8_Platform_Specific/Tegra/cuDLALayerwiseStatsHybrid/.vscode/extensions.json
Samples/8_Platform_Specific/Tegra/cuDLALayerwiseStatsHybrid/.vscode/launch.json
Samples/8_Platform_Specific/Tegra/nbody_opengles/bodysystemcuda.cu
Samples/8_Platform_Specific/Tegra/nbody_opengles/bodysystemcuda_impl.h
Samples/8_Platform_Specific/Tegra/nbody_opengles/render_particles.cpp
Samples/8_Platform_Specific/Tegra/nbody_opengles/bodysystemcuda.h
Samples/8_Platform_Specific/Tegra/nbody_opengles/bodysystemcpu.h
Samples/8_Platform_Specific/Tegra/nbody_opengles/nbody_opengles.cpp
Samples/8_Platform_Specific/Tegra/nbody_opengles/tipsy.h
Samples/8_Platform_Specific/Tegra/nbody_opengles/CMakeLists.txt
Samples/8_Platform_Specific/Tegra/nbody_opengles/README.md
Samples/8_Platform_Specific/Tegra/nbody_opengles/render_particles.h
Samples/8_Platform_Specific/Tegra/nbody_opengles/bodysystem.h
Samples/8_Platform_Specific/Tegra/nbody_opengles/bodysystemcpu_impl.h
Samples/8_Platform_Specific/Tegra/nbody_opengles/.vscode/c_cpp_properties.json
Samples/8_Platform_Specific/Tegra/nbody_opengles/.vscode/extensions.json
Samples/8_Platform_Specific/Tegra/nbody_opengles/.vscode/launch.json
Samples/8_Platform_Specific/Tegra/cuDLAErrorReporting/main.cu
Samples/8_Platform_Specific/Tegra/cuDLAErrorReporting/CMakeLists.txt
Samples/8_Platform_Specific/Tegra/cuDLAErrorReporting/README.md
Samples/8_Platform_Specific/Tegra/cuDLAErrorReporting/.vscode/c_cpp_properties.json
Samples/8_Platform_Specific/Tegra/cuDLAErrorReporting/.vscode/extensions.json
Samples/8_Platform_Specific/Tegra/cuDLAErrorReporting/.vscode/launch.json
Samples/8_Platform_Specific/Tegra/cuDLAStandaloneMode/CMakeLists.txt
Samples/8_Platform_Specific/Tegra/cuDLAStandaloneMode/README.md
Samples/8_Platform_Specific/Tegra/cuDLAStandaloneMode/main.cpp
Samples/8_Platform_Specific/Tegra/cuDLAStandaloneMode/.vscode/c_cpp_properties.json
Samples/8_Platform_Specific/Tegra/cuDLAStandaloneMode/.vscode/extensions.json
Samples/8_Platform_Specific/Tegra/cuDLAStandaloneMode/.vscode/launch.json
Samples/8_Platform_Specific/Tegra/cuDLAHybridMode/main.cu
Samples/8_Platform_Specific/Tegra/cuDLAHybridMode/CMakeLists.txt
Samples/8_Platform_Specific/Tegra/cuDLAHybridMode/README.md
Samples/8_Platform_Specific/Tegra/cuDLAHybridMode/.vscode/c_cpp_properties.json
Samples/8_Platform_Specific/Tegra/cuDLAHybridMode/.vscode/extensions.json
Samples/8_Platform_Specific/Tegra/cuDLAHybridMode/.vscode/launch.json
Samples/3_CUDA_Features/CMakeLists.txt
Samples/3_CUDA_Features/README.md
Samples/3_CUDA_Features/cdpSimpleQuicksort/CMakeLists.txt
Samples/3_CUDA_Features/cdpSimpleQuicksort/README.md
Samples/3_CUDA_Features/cdpSimpleQuicksort/cdpSimpleQuicksort.cu
Samples/3_CUDA_Features/cdpSimpleQuicksort/.vscode/c_cpp_properties.json
Samples/3_CUDA_Features/cdpSimpleQuicksort/.vscode/extensions.json
Samples/3_CUDA_Features/cdpSimpleQuicksort/.vscode/launch.json
Samples/3_CUDA_Features/graphConditionalNodes/graphConditionalNodes.cu
Samples/3_CUDA_Features/graphConditionalNodes/CMakeLists.txt
Samples/3_CUDA_Features/graphConditionalNodes/README.md
Samples/3_CUDA_Features/graphConditionalNodes/.vscode/c_cpp_properties.json
Samples/3_CUDA_Features/graphConditionalNodes/.vscode/extensions.json
Samples/3_CUDA_Features/graphConditionalNodes/.vscode/launch.json
Samples/3_CUDA_Features/memMapIPCDrv/memMapIpc_kernel.cu
Samples/3_CUDA_Features/memMapIPCDrv/CMakeLists.txt
Samples/3_CUDA_Features/memMapIPCDrv/README.md
Samples/3_CUDA_Features/memMapIPCDrv/memMapIpc.cpp
Samples/3_CUDA_Features/memMapIPCDrv/.vscode/c_cpp_properties.json
Samples/3_CUDA_Features/memMapIPCDrv/.vscode/extensions.json
Samples/3_CUDA_Features/memMapIPCDrv/.vscode/launch.json
Samples/3_CUDA_Features/cdpQuadtree/cdpQuadtree.cu
Samples/3_CUDA_Features/cdpQuadtree/CMakeLists.txt
Samples/3_CUDA_Features/cdpQuadtree/README.md
Samples/3_CUDA_Features/cdpQuadtree/.vscode/c_cpp_properties.json
Samples/3_CUDA_Features/cdpQuadtree/.vscode/extensions.json
Samples/3_CUDA_Features/cdpQuadtree/.vscode/launch.json
Samples/3_CUDA_Features/globalToShmemAsyncCopy/globalToShmemAsyncCopy.cu
Samples/3_CUDA_Features/globalToShmemAsyncCopy/CMakeLists.txt
Samples/3_CUDA_Features/globalToShmemAsyncCopy/README.md
Samples/3_CUDA_Features/globalToShmemAsyncCopy/.vscode/c_cpp_properties.json
Samples/3_CUDA_Features/globalToShmemAsyncCopy/.vscode/extensions.json
Samples/3_CUDA_Features/globalToShmemAsyncCopy/.vscode/launch.json
Samples/3_CUDA_Features/StreamPriorities/CMakeLists.txt
Samples/3_CUDA_Features/StreamPriorities/README.md
Samples/3_CUDA_Features/StreamPriorities/StreamPriorities.cu
Samples/3_CUDA_Features/StreamPriorities/.vscode/c_cpp_properties.json
Samples/3_CUDA_Features/StreamPriorities/.vscode/extensions.json
Samples/3_CUDA_Features/StreamPriorities/.vscode/launch.json
Samples/3_CUDA_Features/ptxjit/ptxjit_kernel.cu
Samples/3_CUDA_Features/ptxjit/CMakeLists.txt
Samples/3_CUDA_Features/ptxjit/README.md
Samples/3_CUDA_Features/ptxjit/ptxjit.cpp
Samples/3_CUDA_Features/ptxjit/.vscode/c_cpp_properties.json
Samples/3_CUDA_Features/ptxjit/.vscode/extensions.json
Samples/3_CUDA_Features/ptxjit/.vscode/launch.json
Samples/3_CUDA_Features/cdpAdvancedQuicksort/CMakeLists.txt
Samples/3_CUDA_Features/cdpAdvancedQuicksort/README.md
Samples/3_CUDA_Features/cdpAdvancedQuicksort/cdpBitonicSort.cu
Samples/3_CUDA_Features/cdpAdvancedQuicksort/cdpAdvancedQuicksort.cu
Samples/3_CUDA_Features/cdpAdvancedQuicksort/cdpQuicksort.h
Samples/3_CUDA_Features/cdpAdvancedQuicksort/.vscode/c_cpp_properties.json
Samples/3_CUDA_Features/cdpAdvancedQuicksort/.vscode/extensions.json
Samples/3_CUDA_Features/cdpAdvancedQuicksort/.vscode/launch.json
Samples/3_CUDA_Features/cdpSimplePrint/cdpSimplePrint.cu
Samples/3_CUDA_Features/cdpSimplePrint/CMakeLists.txt
Samples/3_CUDA_Features/cdpSimplePrint/README.md
Samples/3_CUDA_Features/cdpSimplePrint/.vscode/c_cpp_properties.json
Samples/3_CUDA_Features/cdpSimplePrint/.vscode/extensions.json
Samples/3_CUDA_Features/cdpSimplePrint/.vscode/launch.json
Samples/3_CUDA_Features/dmmaTensorCoreGemm/CMakeLists.txt
Samples/3_CUDA_Features/dmmaTensorCoreGemm/README.md
Samples/3_CUDA_Features/dmmaTensorCoreGemm/dmmaTensorCoreGemm.cu
Samples/3_CUDA_Features/dmmaTensorCoreGemm/.vscode/c_cpp_properties.json
Samples/3_CUDA_Features/dmmaTensorCoreGemm/.vscode/extensions.json
Samples/3_CUDA_Features/dmmaTensorCoreGemm/.vscode/launch.json
Samples/3_CUDA_Features/binaryPartitionCG/binaryPartitionCG.cu
Samples/3_CUDA_Features/binaryPartitionCG/CMakeLists.txt
Samples/3_CUDA_Features/binaryPartitionCG/README.md
Samples/3_CUDA_Features/binaryPartitionCG/.vscode/c_cpp_properties.json
Samples/3_CUDA_Features/binaryPartitionCG/.vscode/extensions.json
Samples/3_CUDA_Features/binaryPartitionCG/.vscode/launch.json
Samples/3_CUDA_Features/tf32TensorCoreGemm/CMakeLists.txt
Samples/3_CUDA_Features/tf32TensorCoreGemm/README.md
Samples/3_CUDA_Features/tf32TensorCoreGemm/tf32TensorCoreGemm.cu
Samples/3_CUDA_Features/tf32TensorCoreGemm/.vscode/c_cpp_properties.json
Samples/3_CUDA_Features/tf32TensorCoreGemm/.vscode/extensions.json
Samples/3_CUDA_Features/tf32TensorCoreGemm/.vscode/launch.json
Samples/3_CUDA_Features/bindlessTexture/bindlessTexture.h
Samples/3_CUDA_Features/bindlessTexture/CMakeLists.txt
Samples/3_CUDA_Features/bindlessTexture/README.md
Samples/3_CUDA_Features/bindlessTexture/bindlessTexture.cpp
Samples/3_CUDA_Features/bindlessTexture/bindlessTexture_kernel.cu
Samples/3_CUDA_Features/bindlessTexture/data/flower.ppm
Samples/3_CUDA_Features/bindlessTexture/.vscode/c_cpp_properties.json
Samples/3_CUDA_Features/bindlessTexture/.vscode/extensions.json
Samples/3_CUDA_Features/bindlessTexture/.vscode/launch.json
Samples/3_CUDA_Features/cudaCompressibleMemory/compMalloc.h
Samples/3_CUDA_Features/cudaCompressibleMemory/saxpy.cu
Samples/3_CUDA_Features/cudaCompressibleMemory/CMakeLists.txt
Samples/3_CUDA_Features/cudaCompressibleMemory/README.md
Samples/3_CUDA_Features/cudaCompressibleMemory/compMalloc.cpp
Samples/3_CUDA_Features/cudaCompressibleMemory/.vscode/c_cpp_properties.json
Samples/3_CUDA_Features/cudaCompressibleMemory/.vscode/extensions.json
Samples/3_CUDA_Features/cudaCompressibleMemory/.vscode/launch.json
Samples/3_CUDA_Features/graphMemoryFootprint/graphMemoryFootprint.cu
Samples/3_CUDA_Features/graphMemoryFootprint/CMakeLists.txt
Samples/3_CUDA_Features/graphMemoryFootprint/README.md
Samples/3_CUDA_Features/graphMemoryFootprint/.vscode/c_cpp_properties.json
Samples/3_CUDA_Features/graphMemoryFootprint/.vscode/extensions.json
Samples/3_CUDA_Features/graphMemoryFootprint/.vscode/launch.json
Samples/3_CUDA_Features/immaTensorCoreGemm/immaTensorCoreGemm.cu
Samples/3_CUDA_Features/immaTensorCoreGemm/CMakeLists.txt
Samples/3_CUDA_Features/immaTensorCoreGemm/README.md
Samples/3_CUDA_Features/immaTensorCoreGemm/.vscode/c_cpp_properties.json
Samples/3_CUDA_Features/immaTensorCoreGemm/.vscode/extensions.json
Samples/3_CUDA_Features/immaTensorCoreGemm/.vscode/launch.json
Samples/3_CUDA_Features/newdelete/CMakeLists.txt
Samples/3_CUDA_Features/newdelete/container.hpp
Samples/3_CUDA_Features/newdelete/README.md
Samples/3_CUDA_Features/newdelete/newdelete.cu
Samples/3_CUDA_Features/newdelete/.vscode/c_cpp_properties.json
Samples/3_CUDA_Features/newdelete/.vscode/extensions.json
Samples/3_CUDA_Features/newdelete/.vscode/launch.json
Samples/3_CUDA_Features/cudaTensorCoreGemm/CMakeLists.txt
Samples/3_CUDA_Features/cudaTensorCoreGemm/README.md
Samples/3_CUDA_Features/cudaTensorCoreGemm/cudaTensorCoreGemm.cu
Samples/3_CUDA_Features/cudaTensorCoreGemm/.vscode/c_cpp_properties.json
Samples/3_CUDA_Features/cudaTensorCoreGemm/.vscode/extensions.json
Samples/3_CUDA_Features/cudaTensorCoreGemm/.vscode/launch.json
Samples/3_CUDA_Features/simpleCudaGraphs/simpleCudaGraphs.cu
Samples/3_CUDA_Features/simpleCudaGraphs/CMakeLists.txt
Samples/3_CUDA_Features/simpleCudaGraphs/README.md
Samples/3_CUDA_Features/simpleCudaGraphs/.vscode/c_cpp_properties.json
Samples/3_CUDA_Features/simpleCudaGraphs/.vscode/extensions.json
Samples/3_CUDA_Features/simpleCudaGraphs/.vscode/launch.json
Samples/3_CUDA_Features/bf16TensorCoreGemm/bf16TensorCoreGemm.cu
Samples/3_CUDA_Features/bf16TensorCoreGemm/CMakeLists.txt
Samples/3_CUDA_Features/bf16TensorCoreGemm/README.md
Samples/3_CUDA_Features/bf16TensorCoreGemm/.vscode/c_cpp_properties.json
Samples/3_CUDA_Features/bf16TensorCoreGemm/.vscode/extensions.json
Samples/3_CUDA_Features/bf16TensorCoreGemm/.vscode/launch.json
Samples/3_CUDA_Features/warpAggregatedAtomicsCG/CMakeLists.txt
Samples/3_CUDA_Features/warpAggregatedAtomicsCG/README.md
Samples/3_CUDA_Features/warpAggregatedAtomicsCG/warpAggregatedAtomicsCG.cu
Samples/3_CUDA_Features/warpAggregatedAtomicsCG/.vscode/c_cpp_properties.json
Samples/3_CUDA_Features/warpAggregatedAtomicsCG/.vscode/extensions.json
Samples/3_CUDA_Features/warpAggregatedAtomicsCG/.vscode/launch.json
Samples/3_CUDA_Features/graphMemoryNodes/graphMemoryNodes.cu
Samples/3_CUDA_Features/graphMemoryNodes/CMakeLists.txt
Samples/3_CUDA_Features/graphMemoryNodes/README.md
Samples/3_CUDA_Features/graphMemoryNodes/.vscode/c_cpp_properties.json
Samples/3_CUDA_Features/graphMemoryNodes/.vscode/extensions.json
Samples/3_CUDA_Features/graphMemoryNodes/.vscode/launch.json
Samples/3_CUDA_Features/cdpBezierTessellation/CMakeLists.txt
Samples/3_CUDA_Features/cdpBezierTessellation/README.md
Samples/3_CUDA_Features/cdpBezierTessellation/BezierLineCDP.cu
Samples/3_CUDA_Features/cdpBezierTessellation/.vscode/c_cpp_properties.json
Samples/3_CUDA_Features/cdpBezierTessellation/.vscode/extensions.json
Samples/3_CUDA_Features/cdpBezierTessellation/.vscode/launch.json
Samples/3_CUDA_Features/jacobiCudaGraphs/jacobi.h
Samples/3_CUDA_Features/jacobiCudaGraphs/CMakeLists.txt
Samples/3_CUDA_Features/jacobiCudaGraphs/README.md
Samples/3_CUDA_Features/jacobiCudaGraphs/main.cpp
Samples/3_CUDA_Features/jacobiCudaGraphs/jacobi.cu
Samples/3_CUDA_Features/jacobiCudaGraphs/.vscode/c_cpp_properties.json
Samples/3_CUDA_Features/jacobiCudaGraphs/.vscode/extensions.json
Samples/3_CUDA_Features/jacobiCudaGraphs/.vscode/launch.json
Samples/4_CUDA_Libraries/CMakeLists.txt
Samples/4_CUDA_Libraries/README.md
Samples/4_CUDA_Libraries/conjugateGradientCudaGraphs/CMakeLists.txt
Samples/4_CUDA_Libraries/conjugateGradientCudaGraphs/README.md
Samples/4_CUDA_Libraries/conjugateGradientCudaGraphs/conjugateGradientCudaGraphs.cu
Samples/4_CUDA_Libraries/conjugateGradientCudaGraphs/.vscode/c_cpp_properties.json
Samples/4_CUDA_Libraries/conjugateGradientCudaGraphs/.vscode/extensions.json
Samples/4_CUDA_Libraries/conjugateGradientCudaGraphs/.vscode/launch.json
Samples/4_CUDA_Libraries/nvJPEG/CMakeLists.txt
Samples/4_CUDA_Libraries/nvJPEG/README.md
Samples/4_CUDA_Libraries/nvJPEG/nvJPEG.cpp
Samples/4_CUDA_Libraries/nvJPEG/.vscode/c_cpp_properties.json
Samples/4_CUDA_Libraries/nvJPEG/.vscode/extensions.json
Samples/4_CUDA_Libraries/nvJPEG/.vscode/launch.json
Samples/4_CUDA_Libraries/simpleCUBLASXT/CMakeLists.txt
Samples/4_CUDA_Libraries/simpleCUBLASXT/README.md
Samples/4_CUDA_Libraries/simpleCUBLASXT/simpleCUBLASXT.cpp
Samples/4_CUDA_Libraries/simpleCUBLASXT/.vscode/c_cpp_properties.json
Samples/4_CUDA_Libraries/simpleCUBLASXT/.vscode/extensions.json
Samples/4_CUDA_Libraries/simpleCUBLASXT/.vscode/launch.json
Samples/4_CUDA_Libraries/cudaNvSci/cudaNvSci.cpp
Samples/4_CUDA_Libraries/cudaNvSci/cudaNvSci.h
Samples/4_CUDA_Libraries/cudaNvSci/imageKernels.cu
Samples/4_CUDA_Libraries/cudaNvSci/CMakeLists.txt
Samples/4_CUDA_Libraries/cudaNvSci/README.md
Samples/4_CUDA_Libraries/cudaNvSci/main.cpp
Samples/4_CUDA_Libraries/cudaNvSci/.vscode/c_cpp_properties.json
Samples/4_CUDA_Libraries/cudaNvSci/.vscode/extensions.json
Samples/4_CUDA_Libraries/cudaNvSci/.vscode/launch.json
Samples/4_CUDA_Libraries/watershedSegmentationNPP/CMakeLists.txt
Samples/4_CUDA_Libraries/watershedSegmentationNPP/README.md
Samples/4_CUDA_Libraries/watershedSegmentationNPP/watershedSegmentationNPP.cpp
Samples/4_CUDA_Libraries/watershedSegmentationNPP/.vscode/c_cpp_properties.json
Samples/4_CUDA_Libraries/watershedSegmentationNPP/.vscode/extensions.json
Samples/4_CUDA_Libraries/watershedSegmentationNPP/.vscode/launch.json
Samples/4_CUDA_Libraries/cuSolverSp_LowlevelQR/lap2D_5pt_n32.mtx
Samples/4_CUDA_Libraries/cuSolverSp_LowlevelQR/CMakeLists.txt
Samples/4_CUDA_Libraries/cuSolverSp_LowlevelQR/README.md
Samples/4_CUDA_Libraries/cuSolverSp_LowlevelQR/mmio.h
Samples/4_CUDA_Libraries/cuSolverSp_LowlevelQR/lap3D_7pt_n20.mtx
Samples/4_CUDA_Libraries/cuSolverSp_LowlevelQR/lap2D_5pt_n100.mtx
Samples/4_CUDA_Libraries/cuSolverSp_LowlevelQR/cuSolverSp_LowlevelQR.cpp
Samples/4_CUDA_Libraries/cuSolverSp_LowlevelQR/mmio.c
Samples/4_CUDA_Libraries/cuSolverSp_LowlevelQR/mmio_wrapper.cpp
Samples/4_CUDA_Libraries/cuSolverSp_LowlevelQR/.vscode/c_cpp_properties.json
Samples/4_CUDA_Libraries/cuSolverSp_LowlevelQR/.vscode/extensions.json
Samples/4_CUDA_Libraries/cuSolverSp_LowlevelQR/.vscode/launch.json
Samples/4_CUDA_Libraries/simpleCUBLAS/simpleCUBLAS.cpp
Samples/4_CUDA_Libraries/simpleCUBLAS/CMakeLists.txt
Samples/4_CUDA_Libraries/simpleCUBLAS/README.md
Samples/4_CUDA_Libraries/simpleCUBLAS/.vscode/c_cpp_properties.json
Samples/4_CUDA_Libraries/simpleCUBLAS/.vscode/extensions.json
Samples/4_CUDA_Libraries/simpleCUBLAS/.vscode/launch.json
Samples/4_CUDA_Libraries/randomFog/rng.cpp
Samples/4_CUDA_Libraries/randomFog/rng.h
Samples/4_CUDA_Libraries/randomFog/CMakeLists.txt
Samples/4_CUDA_Libraries/randomFog/README.md
Samples/4_CUDA_Libraries/randomFog/randomFog.cpp
Samples/4_CUDA_Libraries/randomFog/.vscode/c_cpp_properties.json
Samples/4_CUDA_Libraries/randomFog/.vscode/extensions.json
Samples/4_CUDA_Libraries/randomFog/.vscode/launch.json
Samples/4_CUDA_Libraries/conjugateGradient/CMakeLists.txt
Samples/4_CUDA_Libraries/conjugateGradient/README.md
Samples/4_CUDA_Libraries/conjugateGradient/main.cpp
Samples/4_CUDA_Libraries/conjugateGradient/.vscode/c_cpp_properties.json
Samples/4_CUDA_Libraries/conjugateGradient/.vscode/extensions.json
Samples/4_CUDA_Libraries/conjugateGradient/.vscode/launch.json
Samples/4_CUDA_Libraries/simpleCUFFT_MGPU/simpleCUFFT_MGPU.cu
Samples/4_CUDA_Libraries/simpleCUFFT_MGPU/CMakeLists.txt
Samples/4_CUDA_Libraries/simpleCUFFT_MGPU/README.md
Samples/4_CUDA_Libraries/simpleCUFFT_MGPU/.vscode/c_cpp_properties.json
Samples/4_CUDA_Libraries/simpleCUFFT_MGPU/.vscode/extensions.json
Samples/4_CUDA_Libraries/simpleCUFFT_MGPU/.vscode/launch.json
Samples/4_CUDA_Libraries/MersenneTwisterGP11213/MersenneTwister.cpp
Samples/4_CUDA_Libraries/MersenneTwisterGP11213/CMakeLists.txt
Samples/4_CUDA_Libraries/MersenneTwisterGP11213/README.md
Samples/4_CUDA_Libraries/MersenneTwisterGP11213/.vscode/c_cpp_properties.json
Samples/4_CUDA_Libraries/MersenneTwisterGP11213/.vscode/extensions.json
Samples/4_CUDA_Libraries/MersenneTwisterGP11213/.vscode/launch.json
Samples/4_CUDA_Libraries/simpleCUBLAS_LU/CMakeLists.txt
Samples/4_CUDA_Libraries/simpleCUBLAS_LU/README.md
Samples/4_CUDA_Libraries/simpleCUBLAS_LU/simpleCUBLAS_LU.cpp
Samples/4_CUDA_Libraries/simpleCUBLAS_LU/.vscode/c_cpp_properties.json
Samples/4_CUDA_Libraries/simpleCUBLAS_LU/.vscode/extensions.json
Samples/4_CUDA_Libraries/simpleCUBLAS_LU/.vscode/launch.json
Samples/4_CUDA_Libraries/cannyEdgeDetectorNPP/cannyEdgeDetectorNPP.cpp
Samples/4_CUDA_Libraries/cannyEdgeDetectorNPP/CMakeLists.txt
Samples/4_CUDA_Libraries/cannyEdgeDetectorNPP/README.md
Samples/4_CUDA_Libraries/cannyEdgeDetectorNPP/.vscode/c_cpp_properties.json
Samples/4_CUDA_Libraries/cannyEdgeDetectorNPP/.vscode/extensions.json
Samples/4_CUDA_Libraries/cannyEdgeDetectorNPP/.vscode/launch.json
Samples/4_CUDA_Libraries/simpleCUFFT_callback/CMakeLists.txt
Samples/4_CUDA_Libraries/simpleCUFFT_callback/README.md
Samples/4_CUDA_Libraries/simpleCUFFT_callback/simpleCUFFT_callback.cu
Samples/4_CUDA_Libraries/simpleCUFFT_callback/.vscode/c_cpp_properties.json
Samples/4_CUDA_Libraries/simpleCUFFT_callback/.vscode/extensions.json
Samples/4_CUDA_Libraries/simpleCUFFT_callback/.vscode/launch.json
Samples/4_CUDA_Libraries/conjugateGradientMultiBlockCG/CMakeLists.txt
Samples/4_CUDA_Libraries/conjugateGradientMultiBlockCG/README.md
Samples/4_CUDA_Libraries/conjugateGradientMultiBlockCG/conjugateGradientMultiBlockCG.cu
Samples/4_CUDA_Libraries/conjugateGradientMultiBlockCG/.vscode/c_cpp_properties.json
Samples/4_CUDA_Libraries/conjugateGradientMultiBlockCG/.vscode/extensions.json
Samples/4_CUDA_Libraries/conjugateGradientMultiBlockCG/.vscode/launch.json
Samples/4_CUDA_Libraries/cuSolverDn_LinearSolver/gr_900_900_crg.mtx
Samples/4_CUDA_Libraries/cuSolverDn_LinearSolver/cuSolverDn_LinearSolver.cpp
Samples/4_CUDA_Libraries/cuSolverDn_LinearSolver/CMakeLists.txt
Samples/4_CUDA_Libraries/cuSolverDn_LinearSolver/README.md
Samples/4_CUDA_Libraries/cuSolverDn_LinearSolver/mmio.h
Samples/4_CUDA_Libraries/cuSolverDn_LinearSolver/lap3D_7pt_n20.mtx
Samples/4_CUDA_Libraries/cuSolverDn_LinearSolver/mmio.c
Samples/4_CUDA_Libraries/cuSolverDn_LinearSolver/mmio_wrapper.cpp
Samples/4_CUDA_Libraries/cuSolverDn_LinearSolver/.vscode/c_cpp_properties.json
Samples/4_CUDA_Libraries/cuSolverDn_LinearSolver/.vscode/extensions.json
Samples/4_CUDA_Libraries/cuSolverDn_LinearSolver/.vscode/launch.json
Samples/4_CUDA_Libraries/batchCUBLAS/CMakeLists.txt
Samples/4_CUDA_Libraries/batchCUBLAS/README.md
Samples/4_CUDA_Libraries/batchCUBLAS/batchCUBLAS.cpp
Samples/4_CUDA_Libraries/batchCUBLAS/batchCUBLAS.h
Samples/4_CUDA_Libraries/batchCUBLAS/.vscode/c_cpp_properties.json
Samples/4_CUDA_Libraries/batchCUBLAS/.vscode/extensions.json
Samples/4_CUDA_Libraries/batchCUBLAS/.vscode/launch.json
Samples/4_CUDA_Libraries/cuSolverSp_LowlevelCholesky/cuSolverSp_LowlevelCholesky.cpp
Samples/4_CUDA_Libraries/cuSolverSp_LowlevelCholesky/CMakeLists.txt
Samples/4_CUDA_Libraries/cuSolverSp_LowlevelCholesky/README.md
Samples/4_CUDA_Libraries/cuSolverSp_LowlevelCholesky/mmio.h
Samples/4_CUDA_Libraries/cuSolverSp_LowlevelCholesky/lap3D_7pt_n20.mtx
Samples/4_CUDA_Libraries/cuSolverSp_LowlevelCholesky/lap2D_5pt_n100.mtx
Samples/4_CUDA_Libraries/cuSolverSp_LowlevelCholesky/mmio.c
Samples/4_CUDA_Libraries/cuSolverSp_LowlevelCholesky/mmio_wrapper.cpp
Samples/4_CUDA_Libraries/cuSolverSp_LowlevelCholesky/.vscode/c_cpp_properties.json
Samples/4_CUDA_Libraries/cuSolverSp_LowlevelCholesky/.vscode/extensions.json
Samples/4_CUDA_Libraries/cuSolverSp_LowlevelCholesky/.vscode/launch.json
Samples/4_CUDA_Libraries/simpleCUFFT/simpleCUFFT.cu
Samples/4_CUDA_Libraries/simpleCUFFT/CMakeLists.txt
Samples/4_CUDA_Libraries/simpleCUFFT/README.md
Samples/4_CUDA_Libraries/simpleCUFFT/.vscode/c_cpp_properties.json
Samples/4_CUDA_Libraries/simpleCUFFT/.vscode/extensions.json
Samples/4_CUDA_Libraries/simpleCUFFT/.vscode/launch.json
Samples/4_CUDA_Libraries/freeImageInteropNPP/CMakeLists.txt
Samples/4_CUDA_Libraries/freeImageInteropNPP/README.md
Samples/4_CUDA_Libraries/freeImageInteropNPP/freeImageInteropNPP.cpp
Samples/4_CUDA_Libraries/freeImageInteropNPP/.vscode/c_cpp_properties.json
Samples/4_CUDA_Libraries/freeImageInteropNPP/.vscode/extensions.json
Samples/4_CUDA_Libraries/freeImageInteropNPP/.vscode/launch.json
Samples/4_CUDA_Libraries/matrixMulCUBLAS/matrixMulCUBLAS.cpp
Samples/4_CUDA_Libraries/matrixMulCUBLAS/CMakeLists.txt
Samples/4_CUDA_Libraries/matrixMulCUBLAS/README.md
Samples/4_CUDA_Libraries/matrixMulCUBLAS/.vscode/c_cpp_properties.json
Samples/4_CUDA_Libraries/matrixMulCUBLAS/.vscode/extensions.json
Samples/4_CUDA_Libraries/matrixMulCUBLAS/.vscode/launch.json
Samples/4_CUDA_Libraries/boxFilterNPP/CMakeLists.txt
Samples/4_CUDA_Libraries/boxFilterNPP/README.md
Samples/4_CUDA_Libraries/boxFilterNPP/boxFilterNPP.cpp
Samples/4_CUDA_Libraries/boxFilterNPP/.vscode/c_cpp_properties.json
Samples/4_CUDA_Libraries/boxFilterNPP/.vscode/extensions.json
Samples/4_CUDA_Libraries/boxFilterNPP/.vscode/launch.json
Samples/4_CUDA_Libraries/jitLto/jitLto.cpp
Samples/4_CUDA_Libraries/jitLto/CMakeLists.txt
Samples/4_CUDA_Libraries/jitLto/README.md
Samples/4_CUDA_Libraries/jitLto/.vscode/c_cpp_properties.json
Samples/4_CUDA_Libraries/jitLto/.vscode/extensions.json
Samples/4_CUDA_Libraries/jitLto/.vscode/launch.json
Samples/4_CUDA_Libraries/FilterBorderControlNPP/CMakeLists.txt
Samples/4_CUDA_Libraries/FilterBorderControlNPP/README.md
Samples/4_CUDA_Libraries/FilterBorderControlNPP/FilterBorderControlNPP.cpp
Samples/4_CUDA_Libraries/FilterBorderControlNPP/.vscode/c_cpp_properties.json
Samples/4_CUDA_Libraries/FilterBorderControlNPP/.vscode/extensions.json
Samples/4_CUDA_Libraries/FilterBorderControlNPP/.vscode/launch.json
Samples/4_CUDA_Libraries/conjugateGradientMultiDeviceCG/conjugateGradientMultiDeviceCG.cu
Samples/4_CUDA_Libraries/conjugateGradientMultiDeviceCG/CMakeLists.txt
Samples/4_CUDA_Libraries/conjugateGradientMultiDeviceCG/README.md
Samples/4_CUDA_Libraries/conjugateGradientMultiDeviceCG/.vscode/c_cpp_properties.json
Samples/4_CUDA_Libraries/conjugateGradientMultiDeviceCG/.vscode/extensions.json
Samples/4_CUDA_Libraries/conjugateGradientMultiDeviceCG/.vscode/launch.json
Samples/4_CUDA_Libraries/cuSolverSp_LinearSolver/cuSolverSp_LinearSolver.cpp
Samples/4_CUDA_Libraries/cuSolverSp_LinearSolver/CMakeLists.txt
Samples/4_CUDA_Libraries/cuSolverSp_LinearSolver/README.md
Samples/4_CUDA_Libraries/cuSolverSp_LinearSolver/mmio.h
Samples/4_CUDA_Libraries/cuSolverSp_LinearSolver/lap3D_7pt_n20.mtx
Samples/4_CUDA_Libraries/cuSolverSp_LinearSolver/lap2D_5pt_n100.mtx
Samples/4_CUDA_Libraries/cuSolverSp_LinearSolver/mmio.c
Samples/4_CUDA_Libraries/cuSolverSp_LinearSolver/mmio_wrapper.cpp
Samples/4_CUDA_Libraries/cuSolverSp_LinearSolver/.vscode/c_cpp_properties.json
Samples/4_CUDA_Libraries/cuSolverSp_LinearSolver/.vscode/extensions.json
Samples/4_CUDA_Libraries/cuSolverSp_LinearSolver/.vscode/launch.json
Samples/4_CUDA_Libraries/simpleCUFFT_2d_MGPU/CMakeLists.txt
Samples/4_CUDA_Libraries/simpleCUFFT_2d_MGPU/README.md
Samples/4_CUDA_Libraries/simpleCUFFT_2d_MGPU/simpleCUFFT_2d_MGPU.cu
Samples/4_CUDA_Libraries/simpleCUFFT_2d_MGPU/.vscode/c_cpp_properties.json
Samples/4_CUDA_Libraries/simpleCUFFT_2d_MGPU/.vscode/extensions.json
Samples/4_CUDA_Libraries/simpleCUFFT_2d_MGPU/.vscode/launch.json
Samples/4_CUDA_Libraries/conjugateGradientPrecond/CMakeLists.txt
Samples/4_CUDA_Libraries/conjugateGradientPrecond/README.md
Samples/4_CUDA_Libraries/conjugateGradientPrecond/main.cpp
Samples/4_CUDA_Libraries/conjugateGradientPrecond/.vscode/c_cpp_properties.json
Samples/4_CUDA_Libraries/conjugateGradientPrecond/.vscode/extensions.json
Samples/4_CUDA_Libraries/conjugateGradientPrecond/.vscode/launch.json
Samples/4_CUDA_Libraries/oceanFFT/CMakeLists.txt
Samples/4_CUDA_Libraries/oceanFFT/README.md
Samples/4_CUDA_Libraries/oceanFFT/oceanFFT_kernel.cu
Samples/4_CUDA_Libraries/oceanFFT/oceanFFT.cpp
Samples/4_CUDA_Libraries/oceanFFT/data/ocean.frag
Samples/4_CUDA_Libraries/oceanFFT/data/ocean.vert
Samples/4_CUDA_Libraries/oceanFFT/.vscode/c_cpp_properties.json
Samples/4_CUDA_Libraries/oceanFFT/.vscode/extensions.json
Samples/4_CUDA_Libraries/oceanFFT/.vscode/launch.json
Samples/4_CUDA_Libraries/lineOfSight/CMakeLists.txt
Samples/4_CUDA_Libraries/lineOfSight/README.md
Samples/4_CUDA_Libraries/lineOfSight/lineOfSight.cu
Samples/4_CUDA_Libraries/lineOfSight/.vscode/c_cpp_properties.json
Samples/4_CUDA_Libraries/lineOfSight/.vscode/extensions.json
Samples/4_CUDA_Libraries/lineOfSight/.vscode/launch.json
Samples/4_CUDA_Libraries/cuSolverRf/CMakeLists.txt
Samples/4_CUDA_Libraries/cuSolverRf/README.md
Samples/4_CUDA_Libraries/cuSolverRf/cuSolverRf.cpp
Samples/4_CUDA_Libraries/cuSolverRf/mmio.h
Samples/4_CUDA_Libraries/cuSolverRf/lap3D_7pt_n20.mtx
Samples/4_CUDA_Libraries/cuSolverRf/lap2D_5pt_n100.mtx
Samples/4_CUDA_Libraries/cuSolverRf/mmio.c
Samples/4_CUDA_Libraries/cuSolverRf/mmio_wrapper.cpp
Samples/4_CUDA_Libraries/cuSolverRf/.vscode/c_cpp_properties.json
Samples/4_CUDA_Libraries/cuSolverRf/.vscode/extensions.json
Samples/4_CUDA_Libraries/cuSolverRf/.vscode/launch.json
Samples/4_CUDA_Libraries/histEqualizationNPP/histEqualizationNPP.cpp
Samples/4_CUDA_Libraries/histEqualizationNPP/CMakeLists.txt
Samples/4_CUDA_Libraries/histEqualizationNPP/README.md
Samples/4_CUDA_Libraries/histEqualizationNPP/.vscode/c_cpp_properties.json
Samples/4_CUDA_Libraries/histEqualizationNPP/.vscode/extensions.json
Samples/4_CUDA_Libraries/histEqualizationNPP/.vscode/launch.json
Samples/4_CUDA_Libraries/conjugateGradientUM/CMakeLists.txt
Samples/4_CUDA_Libraries/conjugateGradientUM/README.md
Samples/4_CUDA_Libraries/conjugateGradientUM/main.cpp
Samples/4_CUDA_Libraries/conjugateGradientUM/.vscode/c_cpp_properties.json
Samples/4_CUDA_Libraries/conjugateGradientUM/.vscode/extensions.json
Samples/4_CUDA_Libraries/conjugateGradientUM/.vscode/launch.json
Samples/4_CUDA_Libraries/nvJPEG_encoder/CMakeLists.txt
Samples/4_CUDA_Libraries/nvJPEG_encoder/README.md
Samples/4_CUDA_Libraries/nvJPEG_encoder/nvJPEG_encoder.cpp
Samples/4_CUDA_Libraries/nvJPEG_encoder/.vscode/c_cpp_properties.json
Samples/4_CUDA_Libraries/nvJPEG_encoder/.vscode/extensions.json
Samples/4_CUDA_Libraries/nvJPEG_encoder/.vscode/launch.json
Samples/7_libNVVM/CMakeLists.txt
Samples/7_libNVVM/README.md
Samples/7_libNVVM/simple/simple-gpu64.ll
Samples/7_libNVVM/simple/CMakeLists.txt
Samples/7_libNVVM/simple/README.md
Samples/7_libNVVM/simple/simple.c
Samples/7_libNVVM/common/include/DDSWriter.h
Samples/7_libNVVM/cuda-shared-memory/CMakeLists.txt
Samples/7_libNVVM/cuda-shared-memory/shared_memory.ll
Samples/7_libNVVM/cuda-shared-memory/extern_shared_memory.ll
Samples/7_libNVVM/cuda-c-linking/CMakeLists.txt
Samples/7_libNVVM/cuda-c-linking/README.md
Samples/7_libNVVM/cuda-c-linking/cuda-c-linking.cpp
Samples/7_libNVVM/cuda-c-linking/math-funcs.cu
Samples/7_libNVVM/utils/build.bat
Samples/7_libNVVM/utils/build.sh
Samples/7_libNVVM/device-side-launch/dsl-gpu64.ll
Samples/7_libNVVM/device-side-launch/dsl.c
Samples/7_libNVVM/device-side-launch/CMakeLists.txt
Samples/7_libNVVM/device-side-launch/README.md
Samples/7_libNVVM/ptxgen/test.ll
Samples/7_libNVVM/ptxgen/CMakeLists.txt
Samples/7_libNVVM/ptxgen/README.md
Samples/7_libNVVM/ptxgen/ptxgen.c
Samples/7_libNVVM/uvmlite/uvmlite64.ll
Samples/7_libNVVM/uvmlite/CMakeLists.txt
Samples/7_libNVVM/uvmlite/README.md
Samples/7_libNVVM/uvmlite/uvmlite.c
Samples/7_libNVVM/syscalls/malloc-free.ll
Samples/7_libNVVM/syscalls/vprintf.ll
Samples/7_libNVVM/syscalls/CMakeLists.txt
Samples/1_Utilities/CMakeLists.txt
Samples/1_Utilities/README.md
Samples/1_Utilities/deviceQueryDrv/CMakeLists.txt
Samples/1_Utilities/deviceQueryDrv/README.md
Samples/1_Utilities/deviceQueryDrv/deviceQueryDrv.cpp
Samples/1_Utilities/deviceQueryDrv/.vscode/c_cpp_properties.json
Samples/1_Utilities/deviceQueryDrv/.vscode/extensions.json
Samples/1_Utilities/deviceQueryDrv/.vscode/launch.json
Samples/1_Utilities/deviceQuery/deviceQuery.cpp
Samples/1_Utilities/deviceQuery/CMakeLists.txt
Samples/1_Utilities/deviceQuery/README.md
Samples/1_Utilities/deviceQuery/.vscode/c_cpp_properties.json
Samples/1_Utilities/deviceQuery/.vscode/extensions.json
Samples/1_Utilities/deviceQuery/.vscode/launch.json
Samples/1_Utilities/topologyQuery/CMakeLists.txt
Samples/1_Utilities/topologyQuery/README.md
Samples/1_Utilities/topologyQuery/topologyQuery.cu
Samples/1_Utilities/topologyQuery/.vscode/c_cpp_properties.json
Samples/1_Utilities/topologyQuery/.vscode/extensions.json
Samples/1_Utilities/topologyQuery/.vscode/launch.json
Samples/5_Domain_Specific/CMakeLists.txt
Samples/5_Domain_Specific/README.md
Samples/5_Domain_Specific/simpleD3D11Texture/texture_cube.cu
Samples/5_Domain_Specific/simpleD3D11Texture/simpleD3D11Texture.cpp
Samples/5_Domain_Specific/simpleD3D11Texture/CMakeLists.txt
Samples/5_Domain_Specific/simpleD3D11Texture/README.md
Samples/5_Domain_Specific/simpleD3D11Texture/texture_2d.cu
Samples/5_Domain_Specific/simpleD3D11Texture/texture_3d.cu
Samples/5_Domain_Specific/simpleD3D11Texture/d3dx11effect/d3dx11effect.h
Samples/5_Domain_Specific/simpleD3D11Texture/data/ref_simpleD3D11Texture.ppm
Samples/5_Domain_Specific/fastWalshTransform/fastWalshTransform_kernel.cuh
Samples/5_Domain_Specific/fastWalshTransform/CMakeLists.txt
Samples/5_Domain_Specific/fastWalshTransform/README.md
Samples/5_Domain_Specific/fastWalshTransform/fastWalshTransform.cu
Samples/5_Domain_Specific/fastWalshTransform/fastWalshTransform_gold.cpp
Samples/5_Domain_Specific/fastWalshTransform/.vscode/c_cpp_properties.json
Samples/5_Domain_Specific/fastWalshTransform/.vscode/extensions.json
Samples/5_Domain_Specific/fastWalshTransform/.vscode/launch.json
Samples/5_Domain_Specific/bicubicTexture/bicubicTexture_kernel.cuh
Samples/5_Domain_Specific/bicubicTexture/CMakeLists.txt
Samples/5_Domain_Specific/bicubicTexture/README.md
Samples/5_Domain_Specific/bicubicTexture/bicubicTexture_cuda.cu
Samples/5_Domain_Specific/bicubicTexture/bicubicTexture.cpp
Samples/5_Domain_Specific/bicubicTexture/data/3_fastbicubic.ppm
Samples/5_Domain_Specific/bicubicTexture/data/0_nearest.ppm
Samples/5_Domain_Specific/bicubicTexture/data/2_bicubic.ppm
Samples/5_Domain_Specific/bicubicTexture/data/1_bilinear.ppm
Samples/5_Domain_Specific/bicubicTexture/data/4_catmull-rom.ppm
Samples/5_Domain_Specific/bicubicTexture/.vscode/c_cpp_properties.json
Samples/5_Domain_Specific/bicubicTexture/.vscode/extensions.json
Samples/5_Domain_Specific/bicubicTexture/.vscode/launch.json
Samples/5_Domain_Specific/dxtc/dxtc.cu
Samples/5_Domain_Specific/dxtc/CMakeLists.txt
Samples/5_Domain_Specific/dxtc/README.md
Samples/5_Domain_Specific/dxtc/dds.h
Samples/5_Domain_Specific/dxtc/CudaMath.h
Samples/5_Domain_Specific/dxtc/permutations.h
Samples/5_Domain_Specific/dxtc/.vscode/c_cpp_properties.json
Samples/5_Domain_Specific/dxtc/.vscode/extensions.json
Samples/5_Domain_Specific/dxtc/.vscode/launch.json
Samples/5_Domain_Specific/marchingCubes/defines.h
Samples/5_Domain_Specific/marchingCubes/CMakeLists.txt
Samples/5_Domain_Specific/marchingCubes/README.md
Samples/5_Domain_Specific/marchingCubes/tables.h
Samples/5_Domain_Specific/marchingCubes/marchingCubes.cpp
Samples/5_Domain_Specific/marchingCubes/marchingCubes_kernel.cu
Samples/5_Domain_Specific/marchingCubes/data/ref_march_cubes.ppm
Samples/5_Domain_Specific/marchingCubes/.vscode/c_cpp_properties.json
Samples/5_Domain_Specific/marchingCubes/.vscode/extensions.json
Samples/5_Domain_Specific/marchingCubes/.vscode/launch.json
Samples/5_Domain_Specific/nbody/bodysystemcuda.cu
Samples/5_Domain_Specific/nbody/bodysystemcuda_impl.h
Samples/5_Domain_Specific/nbody/render_particles.cpp
Samples/5_Domain_Specific/nbody/bodysystemcuda.h
Samples/5_Domain_Specific/nbody/bodysystemcpu.h
Samples/5_Domain_Specific/nbody/tipsy.h
Samples/5_Domain_Specific/nbody/CMakeLists.txt
Samples/5_Domain_Specific/nbody/README.md
Samples/5_Domain_Specific/nbody/render_particles.h
Samples/5_Domain_Specific/nbody/nbody.cpp
Samples/5_Domain_Specific/nbody/bodysystem.h
Samples/5_Domain_Specific/nbody/bodysystemcpu_impl.h
Samples/5_Domain_Specific/nbody/.vscode/c_cpp_properties.json
Samples/5_Domain_Specific/nbody/.vscode/extensions.json
Samples/5_Domain_Specific/nbody/.vscode/launch.json
Samples/5_Domain_Specific/postProcessGL/CMakeLists.txt
Samples/5_Domain_Specific/postProcessGL/README.md
Samples/5_Domain_Specific/postProcessGL/postProcessGL.cu
Samples/5_Domain_Specific/postProcessGL/main.cpp
Samples/5_Domain_Specific/postProcessGL/data/teapot_4.ppm
Samples/5_Domain_Specific/postProcessGL/data/teapot_8.ppm
Samples/5_Domain_Specific/postProcessGL/data/teapot_orig.ppm
Samples/5_Domain_Specific/postProcessGL/data/teapot_2.ppm
Samples/5_Domain_Specific/postProcessGL/.vscode/c_cpp_properties.json
Samples/5_Domain_Specific/postProcessGL/.vscode/extensions.json
Samples/5_Domain_Specific/postProcessGL/.vscode/launch.json
Samples/5_Domain_Specific/NV12toBGRandResize/bgr_resize.cu
Samples/5_Domain_Specific/NV12toBGRandResize/nv12_to_bgr_planar.cu
Samples/5_Domain_Specific/NV12toBGRandResize/resize_convert_main.cpp
Samples/5_Domain_Specific/NV12toBGRandResize/CMakeLists.txt
Samples/5_Domain_Specific/NV12toBGRandResize/README.md
Samples/5_Domain_Specific/NV12toBGRandResize/utils.cu
Samples/5_Domain_Specific/NV12toBGRandResize/resize_convert.h
Samples/5_Domain_Specific/NV12toBGRandResize/nv12_resize.cu
Samples/5_Domain_Specific/NV12toBGRandResize/utils.h
Samples/5_Domain_Specific/NV12toBGRandResize/data/test1920x1080.nv12
Samples/5_Domain_Specific/NV12toBGRandResize/data/test1280x720.nv12
Samples/5_Domain_Specific/NV12toBGRandResize/data/test640x480.nv12
Samples/5_Domain_Specific/NV12toBGRandResize/.vscode/c_cpp_properties.json
Samples/5_Domain_Specific/NV12toBGRandResize/.vscode/extensions.json
Samples/5_Domain_Specific/NV12toBGRandResize/.vscode/launch.json
Samples/5_Domain_Specific/stereoDisparity/stereoDisparity_kernel.cuh
Samples/5_Domain_Specific/stereoDisparity/CMakeLists.txt
Samples/5_Domain_Specific/stereoDisparity/README.md
Samples/5_Domain_Specific/stereoDisparity/stereoDisparity.cu
Samples/5_Domain_Specific/stereoDisparity/.vscode/c_cpp_properties.json
Samples/5_Domain_Specific/stereoDisparity/.vscode/extensions.json
Samples/5_Domain_Specific/stereoDisparity/.vscode/launch.json
Samples/5_Domain_Specific/SobelFilter/SobelFilter_kernels.h
Samples/5_Domain_Specific/SobelFilter/SobelFilter_kernels.cu
Samples/5_Domain_Specific/SobelFilter/CMakeLists.txt
Samples/5_Domain_Specific/SobelFilter/README.md
Samples/5_Domain_Specific/SobelFilter/SobelFilter.cpp
Samples/5_Domain_Specific/SobelFilter/.vscode/c_cpp_properties.json
Samples/5_Domain_Specific/SobelFilter/.vscode/extensions.json
Samples/5_Domain_Specific/SobelFilter/.vscode/launch.json
Samples/5_Domain_Specific/Mandelbrot/Mandelbrot_kernel.h
Samples/5_Domain_Specific/Mandelbrot/Mandelbrot_gold.cpp
Samples/5_Domain_Specific/Mandelbrot/CMakeLists.txt
Samples/5_Domain_Specific/Mandelbrot/README.md
Samples/5_Domain_Specific/Mandelbrot/Mandelbrot_gold.h
Samples/5_Domain_Specific/Mandelbrot/Mandelbrot.cpp
Samples/5_Domain_Specific/Mandelbrot/Mandelbrot_kernel.cuh
Samples/5_Domain_Specific/Mandelbrot/Mandelbrot_cuda.cu
Samples/5_Domain_Specific/Mandelbrot/data/Mandelbrot_fp64.ppm
Samples/5_Domain_Specific/Mandelbrot/data/referenceJulia_fp32.ppm
Samples/5_Domain_Specific/Mandelbrot/data/params.txt
Samples/5_Domain_Specific/Mandelbrot/data/Mandelbrot_fp32.ppm
Samples/5_Domain_Specific/Mandelbrot/data/referenceJulia_fp64.ppm
Samples/5_Domain_Specific/Mandelbrot/.vscode/c_cpp_properties.json
Samples/5_Domain_Specific/Mandelbrot/.vscode/extensions.json
Samples/5_Domain_Specific/Mandelbrot/.vscode/launch.json
Samples/5_Domain_Specific/simpleD3D12/Main.cpp
Samples/5_Domain_Specific/simpleD3D12/DX12CudaSample.cpp
Samples/5_Domain_Specific/simpleD3D12/ShaderStructs.h
Samples/5_Domain_Specific/simpleD3D12/stdafx.h
Samples/5_Domain_Specific/simpleD3D12/sinewave_cuda.cu
Samples/5_Domain_Specific/simpleD3D12/Win32Application.h
Samples/5_Domain_Specific/simpleD3D12/CMakeLists.txt
Samples/5_Domain_Specific/simpleD3D12/README.md
Samples/5_Domain_Specific/simpleD3D12/DXSampleHelper.h
Samples/5_Domain_Specific/simpleD3D12/Win32Application.cpp
Samples/5_Domain_Specific/simpleD3D12/stdafx.cpp
Samples/5_Domain_Specific/simpleD3D12/simpleD3D12.cpp
Samples/5_Domain_Specific/simpleD3D12/d3dx12.h
Samples/5_Domain_Specific/simpleD3D12/shaders.hlsl
Samples/5_Domain_Specific/simpleD3D12/DX12CudaSample.h
Samples/5_Domain_Specific/simpleD3D12/simpleD3D12.h
Samples/5_Domain_Specific/binomialOptions/binomialOptions.cpp
Samples/5_Domain_Specific/binomialOptions/binomialOptions_gold.cpp
Samples/5_Domain_Specific/binomialOptions/CMakeLists.txt
Samples/5_Domain_Specific/binomialOptions/README.md
Samples/5_Domain_Specific/binomialOptions/binomialOptions_kernel.cu
Samples/5_Domain_Specific/binomialOptions/binomialOptions_common.h
Samples/5_Domain_Specific/binomialOptions/realtype.h
Samples/5_Domain_Specific/binomialOptions/.vscode/c_cpp_properties.json
Samples/5_Domain_Specific/binomialOptions/.vscode/extensions.json
Samples/5_Domain_Specific/binomialOptions/.vscode/launch.json
Samples/5_Domain_Specific/recursiveGaussian/CMakeLists.txt
Samples/5_Domain_Specific/recursiveGaussian/README.md
Samples/5_Domain_Specific/recursiveGaussian/recursiveGaussian_kernel.cuh
Samples/5_Domain_Specific/recursiveGaussian/recursiveGaussian.cpp
Samples/5_Domain_Specific/recursiveGaussian/recursiveGaussian_cuda.cu
Samples/5_Domain_Specific/recursiveGaussian/.vscode/c_cpp_properties.json
Samples/5_Domain_Specific/recursiveGaussian/.vscode/extensions.json
Samples/5_Domain_Specific/recursiveGaussian/.vscode/launch.json
Samples/5_Domain_Specific/MonteCarloMultiGPU/MonteCarloMultiGPU.cpp
Samples/5_Domain_Specific/MonteCarloMultiGPU/CMakeLists.txt
Samples/5_Domain_Specific/MonteCarloMultiGPU/README.md
Samples/5_Domain_Specific/MonteCarloMultiGPU/MonteCarlo_reduction.cuh
Samples/5_Domain_Specific/MonteCarloMultiGPU/multithreading.h
Samples/5_Domain_Specific/MonteCarloMultiGPU/MonteCarlo_kernel.cu
Samples/5_Domain_Specific/MonteCarloMultiGPU/MonteCarlo_common.h
Samples/5_Domain_Specific/MonteCarloMultiGPU/MonteCarlo_gold.cpp
Samples/5_Domain_Specific/MonteCarloMultiGPU/multithreading.cpp
Samples/5_Domain_Specific/MonteCarloMultiGPU/realtype.h
Samples/5_Domain_Specific/MonteCarloMultiGPU/.vscode/c_cpp_properties.json
Samples/5_Domain_Specific/MonteCarloMultiGPU/.vscode/extensions.json
Samples/5_Domain_Specific/MonteCarloMultiGPU/.vscode/launch.json
Samples/5_Domain_Specific/smokeParticles/nvQuaternion.h
Samples/5_Domain_Specific/smokeParticles/SmokeShaders.h
Samples/5_Domain_Specific/smokeParticles/nvVector.h
Samples/5_Domain_Specific/smokeParticles/nvMatrix.h
Samples/5_Domain_Specific/smokeParticles/renderbuffer.h
Samples/5_Domain_Specific/smokeParticles/ParticleSystem.cpp
Samples/5_Domain_Specific/smokeParticles/SmokeRenderer.h
Samples/5_Domain_Specific/smokeParticles/SmokeRenderer.cpp
Samples/5_Domain_Specific/smokeParticles/GLSLProgram.cpp
Samples/5_Domain_Specific/smokeParticles/particles_kernel_device.cuh
Samples/5_Domain_Specific/smokeParticles/framebufferObject.h
Samples/5_Domain_Specific/smokeParticles/CMakeLists.txt
Samples/5_Domain_Specific/smokeParticles/README.md
Samples/5_Domain_Specific/smokeParticles/ParticleSystem.h
Samples/5_Domain_Specific/smokeParticles/renderbuffer.cpp
Samples/5_Domain_Specific/smokeParticles/SmokeShaders.cpp
Samples/5_Domain_Specific/smokeParticles/ParticleSystem_cuda.cu
Samples/5_Domain_Specific/smokeParticles/ParticleSystem.cuh
Samples/5_Domain_Specific/smokeParticles/particles_kernel.cuh
Samples/5_Domain_Specific/smokeParticles/GLSLProgram.h
Samples/5_Domain_Specific/smokeParticles/framebufferObject.cpp
Samples/5_Domain_Specific/smokeParticles/nvMath.h
Samples/5_Domain_Specific/smokeParticles/particleDemo.cpp
Samples/5_Domain_Specific/smokeParticles/GpuArray.h
Samples/5_Domain_Specific/smokeParticles/.vscode/c_cpp_properties.json
Samples/5_Domain_Specific/smokeParticles/.vscode/extensions.json
Samples/5_Domain_Specific/smokeParticles/.vscode/launch.json
Samples/5_Domain_Specific/BlackScholes/BlackScholes_gold.cpp
Samples/5_Domain_Specific/BlackScholes/BlackScholes.cu
Samples/5_Domain_Specific/BlackScholes/BlackScholes_kernel.cuh
Samples/5_Domain_Specific/BlackScholes/CMakeLists.txt
Samples/5_Domain_Specific/BlackScholes/README.md
Samples/5_Domain_Specific/BlackScholes/.vscode/c_cpp_properties.json
Samples/5_Domain_Specific/BlackScholes/.vscode/extensions.json
Samples/5_Domain_Specific/BlackScholes/.vscode/launch.json
Samples/5_Domain_Specific/vulkanImageCUDA/Build_instructions.txt
Samples/5_Domain_Specific/vulkanImageCUDA/shader.frag
Samples/5_Domain_Specific/vulkanImageCUDA/CMakeLists.txt
Samples/5_Domain_Specific/vulkanImageCUDA/README.md
Samples/5_Domain_Specific/vulkanImageCUDA/shader.vert
Samples/5_Domain_Specific/vulkanImageCUDA/vulkanImageCUDA.cu
Samples/5_Domain_Specific/vulkanImageCUDA/linmath.h
Samples/5_Domain_Specific/vulkanImageCUDA/.vscode/c_cpp_properties.json
Samples/5_Domain_Specific/vulkanImageCUDA/.vscode/extensions.json
Samples/5_Domain_Specific/vulkanImageCUDA/.vscode/launch.json
Samples/5_Domain_Specific/binomialOptions_nvrtc/common_gpu_header.h
Samples/5_Domain_Specific/binomialOptions_nvrtc/binomialOptions.cpp
Samples/5_Domain_Specific/binomialOptions_nvrtc/binomialOptions_gpu.cpp
Samples/5_Domain_Specific/binomialOptions_nvrtc/binomialOptions_gold.cpp
Samples/5_Domain_Specific/binomialOptions_nvrtc/CMakeLists.txt
Samples/5_Domain_Specific/binomialOptions_nvrtc/README.md
Samples/5_Domain_Specific/binomialOptions_nvrtc/binomialOptions_kernel.cu
Samples/5_Domain_Specific/binomialOptions_nvrtc/binomialOptions_common.h
Samples/5_Domain_Specific/binomialOptions_nvrtc/realtype.h
Samples/5_Domain_Specific/binomialOptions_nvrtc/.vscode/c_cpp_properties.json
Samples/5_Domain_Specific/binomialOptions_nvrtc/.vscode/extensions.json
Samples/5_Domain_Specific/binomialOptions_nvrtc/.vscode/launch.json
Samples/5_Domain_Specific/volumeRender/volumeRender_kernel.cu
Samples/5_Domain_Specific/volumeRender/CMakeLists.txt
Samples/5_Domain_Specific/volumeRender/README.md
Samples/5_Domain_Specific/volumeRender/volumeRender.cpp
Samples/5_Domain_Specific/volumeRender/.vscode/c_cpp_properties.json
Samples/5_Domain_Specific/volumeRender/.vscode/extensions.json
Samples/5_Domain_Specific/volumeRender/.vscode/launch.json
Samples/5_Domain_Specific/BlackScholes_nvrtc/BlackScholes_gold.cpp
Samples/5_Domain_Specific/BlackScholes_nvrtc/BlackScholes_kernel.cuh
Samples/5_Domain_Specific/BlackScholes_nvrtc/CMakeLists.txt
Samples/5_Domain_Specific/BlackScholes_nvrtc/README.md
Samples/5_Domain_Specific/BlackScholes_nvrtc/BlackScholes.cpp
Samples/5_Domain_Specific/BlackScholes_nvrtc/.vscode/c_cpp_properties.json
Samples/5_Domain_Specific/BlackScholes_nvrtc/.vscode/extensions.json
Samples/5_Domain_Specific/BlackScholes_nvrtc/.vscode/launch.json
Samples/5_Domain_Specific/bilateralFilter/bilateralFilter_cpu.cpp
Samples/5_Domain_Specific/bilateralFilter/bilateral_kernel.cu
Samples/5_Domain_Specific/bilateralFilter/bilateralFilter.cpp
Samples/5_Domain_Specific/bilateralFilter/CMakeLists.txt
Samples/5_Domain_Specific/bilateralFilter/README.md
Samples/5_Domain_Specific/bilateralFilter/bmploader.cpp
Samples/5_Domain_Specific/bilateralFilter/data/ref_08.ppm
Samples/5_Domain_Specific/bilateralFilter/data/ref_05.ppm
Samples/5_Domain_Specific/bilateralFilter/data/ref_06.ppm
Samples/5_Domain_Specific/bilateralFilter/data/ref_07.ppm
Samples/5_Domain_Specific/bilateralFilter/.vscode/c_cpp_properties.json
Samples/5_Domain_Specific/bilateralFilter/.vscode/extensions.json
Samples/5_Domain_Specific/bilateralFilter/.vscode/launch.json
Samples/5_Domain_Specific/volumeFiltering/volumeRender_kernel.cu
Samples/5_Domain_Specific/volumeFiltering/volume.cpp
Samples/5_Domain_Specific/volumeFiltering/CMakeLists.txt
Samples/5_Domain_Specific/volumeFiltering/README.md
Samples/5_Domain_Specific/volumeFiltering/volumeFilter_kernel.cu
Samples/5_Domain_Specific/volumeFiltering/volumeFiltering.cpp
Samples/5_Domain_Specific/volumeFiltering/volumeFilter.h
Samples/5_Domain_Specific/volumeFiltering/volumeRender.h
Samples/5_Domain_Specific/volumeFiltering/volume.h
Samples/5_Domain_Specific/volumeFiltering/.vscode/c_cpp_properties.json
Samples/5_Domain_Specific/volumeFiltering/.vscode/extensions.json
Samples/5_Domain_Specific/volumeFiltering/.vscode/launch.json
Samples/5_Domain_Specific/simpleVulkanMMAP/Build_instructions.txt
Samples/5_Domain_Specific/simpleVulkanMMAP/MonteCarloPi.cu
Samples/5_Domain_Specific/simpleVulkanMMAP/CMakeLists.txt
Samples/5_Domain_Specific/simpleVulkanMMAP/README.md
Samples/5_Domain_Specific/simpleVulkanMMAP/VulkanBaseApp.cpp
Samples/5_Domain_Specific/simpleVulkanMMAP/VulkanCudaInterop.h
Samples/5_Domain_Specific/simpleVulkanMMAP/MonteCarloPi.h
Samples/5_Domain_Specific/simpleVulkanMMAP/montecarlo.vert
Samples/5_Domain_Specific/simpleVulkanMMAP/main.cpp
Samples/5_Domain_Specific/simpleVulkanMMAP/montecarlo.frag
Samples/5_Domain_Specific/simpleVulkanMMAP/VulkanBaseApp.h
Samples/5_Domain_Specific/simpleVulkanMMAP/.vscode/c_cpp_properties.json
Samples/5_Domain_Specific/simpleVulkanMMAP/.vscode/extensions.json
Samples/5_Domain_Specific/simpleVulkanMMAP/.vscode/launch.json
Samples/5_Domain_Specific/convolutionFFT2D/convolutionFFT2D_common.h
Samples/5_Domain_Specific/convolutionFFT2D/convolutionFFT2D_gold.cpp
Samples/5_Domain_Specific/convolutionFFT2D/CMakeLists.txt
Samples/5_Domain_Specific/convolutionFFT2D/README.md
Samples/5_Domain_Specific/convolutionFFT2D/convolutionFFT2D.cuh
Samples/5_Domain_Specific/convolutionFFT2D/main.cpp
Samples/5_Domain_Specific/convolutionFFT2D/convolutionFFT2D.cu
Samples/5_Domain_Specific/convolutionFFT2D/.vscode/c_cpp_properties.json
Samples/5_Domain_Specific/convolutionFFT2D/.vscode/extensions.json
Samples/5_Domain_Specific/convolutionFFT2D/.vscode/launch.json
Samples/5_Domain_Specific/simpleVulkan/Build_instructions.txt
Samples/5_Domain_Specific/simpleVulkan/CMakeLists.txt
Samples/5_Domain_Specific/simpleVulkan/README.md
Samples/5_Domain_Specific/simpleVulkan/sinewave.vert
Samples/5_Domain_Specific/simpleVulkan/VulkanBaseApp.cpp
Samples/5_Domain_Specific/simpleVulkan/SineWaveSimulation.h
Samples/5_Domain_Specific/simpleVulkan/main.cpp
Samples/5_Domain_Specific/simpleVulkan/sinewave.frag
Samples/5_Domain_Specific/simpleVulkan/VulkanBaseApp.h
Samples/5_Domain_Specific/simpleVulkan/SineWaveSimulation.cu
Samples/5_Domain_Specific/simpleVulkan/linmath.h
Samples/5_Domain_Specific/simpleVulkan/.vscode/c_cpp_properties.json
Samples/5_Domain_Specific/simpleVulkan/.vscode/extensions.json
Samples/5_Domain_Specific/simpleVulkan/.vscode/launch.json
Samples/5_Domain_Specific/simpleD3D11/ShaderStructs.h
Samples/5_Domain_Specific/simpleD3D11/sinewave_cuda.cu
Samples/5_Domain_Specific/simpleD3D11/sinewave_cuda.h
Samples/5_Domain_Specific/simpleD3D11/CMakeLists.txt
Samples/5_Domain_Specific/simpleD3D11/README.md
Samples/5_Domain_Specific/simpleD3D11/simpleD3D11.cpp
Samples/5_Domain_Specific/simpleD3D11/data/ref_simpleD3D11.ppm
Samples/5_Domain_Specific/quasirandomGenerator_nvrtc/quasirandomGenerator_kernel.cu
Samples/5_Domain_Specific/quasirandomGenerator_nvrtc/quasirandomGenerator_gpu.cuh
Samples/5_Domain_Specific/quasirandomGenerator_nvrtc/quasirandomGenerator_common.h
Samples/5_Domain_Specific/quasirandomGenerator_nvrtc/CMakeLists.txt
Samples/5_Domain_Specific/quasirandomGenerator_nvrtc/README.md
Samples/5_Domain_Specific/quasirandomGenerator_nvrtc/quasirandomGenerator.cpp
Samples/5_Domain_Specific/quasirandomGenerator_nvrtc/quasirandomGenerator_gold.cpp
Samples/5_Domain_Specific/quasirandomGenerator_nvrtc/.vscode/c_cpp_properties.json
Samples/5_Domain_Specific/quasirandomGenerator_nvrtc/.vscode/extensions.json
Samples/5_Domain_Specific/quasirandomGenerator_nvrtc/.vscode/launch.json
Samples/5_Domain_Specific/HSOpticalFlow/derivativesKernel.cuh
Samples/5_Domain_Specific/HSOpticalFlow/downscaleKernel.cuh
Samples/5_Domain_Specific/HSOpticalFlow/common.h
Samples/5_Domain_Specific/HSOpticalFlow/CMakeLists.txt
Samples/5_Domain_Specific/HSOpticalFlow/README.md
Samples/5_Domain_Specific/HSOpticalFlow/flowGold.cpp
Samples/5_Domain_Specific/HSOpticalFlow/warpingKernel.cuh
Samples/5_Domain_Specific/HSOpticalFlow/addKernel.cuh
Samples/5_Domain_Specific/HSOpticalFlow/flowGold.h
Samples/5_Domain_Specific/HSOpticalFlow/flowCUDA.cu
Samples/5_Domain_Specific/HSOpticalFlow/main.cpp
Samples/5_Domain_Specific/HSOpticalFlow/solverKernel.cuh
Samples/5_Domain_Specific/HSOpticalFlow/upscaleKernel.cuh
Samples/5_Domain_Specific/HSOpticalFlow/flowCUDA.h
Samples/5_Domain_Specific/HSOpticalFlow/data/frame10.ppm
Samples/5_Domain_Specific/HSOpticalFlow/data/frame11.ppm
Samples/5_Domain_Specific/HSOpticalFlow/.vscode/c_cpp_properties.json
Samples/5_Domain_Specific/HSOpticalFlow/.vscode/extensions.json
Samples/5_Domain_Specific/HSOpticalFlow/.vscode/launch.json
Samples/5_Domain_Specific/dwtHaar1D/dwtHaar1D.cu
Samples/5_Domain_Specific/dwtHaar1D/dwtHaar1D_kernel.cuh
Samples/5_Domain_Specific/dwtHaar1D/CMakeLists.txt
Samples/5_Domain_Specific/dwtHaar1D/README.md
Samples/5_Domain_Specific/dwtHaar1D/.vscode/c_cpp_properties.json
Samples/5_Domain_Specific/dwtHaar1D/.vscode/extensions.json
Samples/5_Domain_Specific/dwtHaar1D/.vscode/launch.json
Samples/5_Domain_Specific/SobolQRNG/sobol.cpp
Samples/5_Domain_Specific/SobolQRNG/sobol_primitives.h
Samples/5_Domain_Specific/SobolQRNG/sobol_gpu.h
Samples/5_Domain_Specific/SobolQRNG/sobol_gpu.cu
Samples/5_Domain_Specific/SobolQRNG/sobol_gold.h
Samples/5_Domain_Specific/SobolQRNG/sobol_primitives.cpp
Samples/5_Domain_Specific/SobolQRNG/CMakeLists.txt
Samples/5_Domain_Specific/SobolQRNG/sobol_gold.cpp
Samples/5_Domain_Specific/SobolQRNG/README.md
Samples/5_Domain_Specific/SobolQRNG/sobol.h
Samples/5_Domain_Specific/SobolQRNG/.vscode/c_cpp_properties.json
Samples/5_Domain_Specific/SobolQRNG/.vscode/extensions.json
Samples/5_Domain_Specific/SobolQRNG/.vscode/launch.json
Samples/5_Domain_Specific/FDTD3d/CMakeLists.txt
Samples/5_Domain_Specific/FDTD3d/README.md
Samples/5_Domain_Specific/FDTD3d/inc/FDTD3d.h
Samples/5_Domain_Specific/FDTD3d/inc/FDTD3dGPU.h
Samples/5_Domain_Specific/FDTD3d/inc/FDTD3dReference.h
Samples/5_Domain_Specific/FDTD3d/inc/FDTD3dGPUKernel.cuh
Samples/5_Domain_Specific/FDTD3d/src/FDTD3dGPU.cu
Samples/5_Domain_Specific/FDTD3d/src/FDTD3dReference.cpp
Samples/5_Domain_Specific/FDTD3d/src/FDTD3d.cpp
Samples/5_Domain_Specific/FDTD3d/.vscode/c_cpp_properties.json
Samples/5_Domain_Specific/FDTD3d/.vscode/extensions.json
Samples/5_Domain_Specific/FDTD3d/.vscode/launch.json
Samples/5_Domain_Specific/fluidsGL/fluidsGL_kernels.cuh
Samples/5_Domain_Specific/fluidsGL/defines.h
Samples/5_Domain_Specific/fluidsGL/fluidsGL.cpp
Samples/5_Domain_Specific/fluidsGL/fluidsGL_kernels.cu
Samples/5_Domain_Specific/fluidsGL/fluidsGL_kernels.h
Samples/5_Domain_Specific/fluidsGL/CMakeLists.txt
Samples/5_Domain_Specific/fluidsGL/README.md
Samples/5_Domain_Specific/fluidsGL/.vscode/c_cpp_properties.json
Samples/5_Domain_Specific/fluidsGL/.vscode/extensions.json
Samples/5_Domain_Specific/fluidsGL/.vscode/launch.json
Samples/5_Domain_Specific/simpleGL/simpleGL.cu
Samples/5_Domain_Specific/simpleGL/CMakeLists.txt
Samples/5_Domain_Specific/simpleGL/README.md
Samples/5_Domain_Specific/simpleGL/.vscode/c_cpp_properties.json
Samples/5_Domain_Specific/simpleGL/.vscode/extensions.json
Samples/5_Domain_Specific/simpleGL/.vscode/launch.json
Samples/5_Domain_Specific/p2pBandwidthLatencyTest/CMakeLists.txt
Samples/5_Domain_Specific/p2pBandwidthLatencyTest/README.md
Samples/5_Domain_Specific/p2pBandwidthLatencyTest/p2pBandwidthLatencyTest.cu
Samples/5_Domain_Specific/p2pBandwidthLatencyTest/.vscode/c_cpp_properties.json
Samples/5_Domain_Specific/p2pBandwidthLatencyTest/.vscode/extensions.json
Samples/5_Domain_Specific/p2pBandwidthLatencyTest/.vscode/launch.json
Samples/5_Domain_Specific/quasirandomGenerator/quasirandomGenerator_kernel.cu
Samples/5_Domain_Specific/quasirandomGenerator/quasirandomGenerator_common.h
Samples/5_Domain_Specific/quasirandomGenerator/CMakeLists.txt
Samples/5_Domain_Specific/quasirandomGenerator/README.md
Samples/5_Domain_Specific/quasirandomGenerator/quasirandomGenerator.cpp
Samples/5_Domain_Specific/quasirandomGenerator/quasirandomGenerator_gold.cpp
Samples/5_Domain_Specific/quasirandomGenerator/.vscode/c_cpp_properties.json
Samples/5_Domain_Specific/quasirandomGenerator/.vscode/extensions.json
Samples/5_Domain_Specific/quasirandomGenerator/.vscode/launch.json
Samples/6_Performance/CMakeLists.txt
Samples/6_Performance/README.md
Samples/6_Performance/UnifiedMemoryPerf/helperFunctions.cpp
Samples/6_Performance/UnifiedMemoryPerf/commonKernels.cu
Samples/6_Performance/UnifiedMemoryPerf/commonKernels.hpp
Samples/6_Performance/UnifiedMemoryPerf/CMakeLists.txt
Samples/6_Performance/UnifiedMemoryPerf/README.md
Samples/6_Performance/UnifiedMemoryPerf/matrixMultiplyPerf.cu
Samples/6_Performance/UnifiedMemoryPerf/commonDefs.hpp
Samples/6_Performance/UnifiedMemoryPerf/.vscode/c_cpp_properties.json
Samples/6_Performance/UnifiedMemoryPerf/.vscode/extensions.json
Samples/6_Performance/UnifiedMemoryPerf/.vscode/launch.json
Samples/6_Performance/cudaGraphsPerfScaling/cudaGraphPerfScaling.cu
Samples/6_Performance/cudaGraphsPerfScaling/dataCollection.bash
Samples/6_Performance/cudaGraphsPerfScaling/CMakeLists.txt
Samples/6_Performance/cudaGraphsPerfScaling/README.md
Samples/6_Performance/cudaGraphsPerfScaling/.vscode/c_cpp_properties.json
Samples/6_Performance/cudaGraphsPerfScaling/.vscode/extensions.json
Samples/6_Performance/cudaGraphsPerfScaling/.vscode/launch.json
Samples/6_Performance/transpose/CMakeLists.txt
Samples/6_Performance/transpose/README.md
Samples/6_Performance/transpose/transpose.cu
Samples/6_Performance/transpose/.vscode/c_cpp_properties.json
Samples/6_Performance/transpose/.vscode/extensions.json
Samples/6_Performance/transpose/.vscode/launch.json
Samples/6_Performance/alignedTypes/CMakeLists.txt
Samples/6_Performance/alignedTypes/README.md
Samples/6_Performance/alignedTypes/alignedTypes.cu
Samples/6_Performance/alignedTypes/doc/alignedTypes.txt
Samples/6_Performance/alignedTypes/.vscode/c_cpp_properties.json
Samples/6_Performance/alignedTypes/.vscode/extensions.json
Samples/6_Performance/alignedTypes/.vscode/launch.json
Samples/6_Performance/LargeKernelParameter/CMakeLists.txt
Samples/6_Performance/LargeKernelParameter/README.md
Samples/6_Performance/LargeKernelParameter/LargeKernelParameter.cu
Samples/6_Performance/LargeKernelParameter/.vscode/c_cpp_properties.json
Samples/6_Performance/LargeKernelParameter/.vscode/extensions.json
Samples/6_Performance/LargeKernelParameter/.vscode/launch.json
Samples/0_Introduction/CMakeLists.txt
Samples/0_Introduction/README.md
Samples/0_Introduction/simpleP2P/simpleP2P.cu
Samples/0_Introduction/simpleP2P/CMakeLists.txt
Samples/0_Introduction/simpleP2P/README.md
Samples/0_Introduction/simpleP2P/.vscode/c_cpp_properties.json
Samples/0_Introduction/simpleP2P/.vscode/extensions.json
Samples/0_Introduction/simpleP2P/.vscode/launch.json
Samples/0_Introduction/simpleLayeredTexture/simpleLayeredTexture.cu
Samples/0_Introduction/simpleLayeredTexture/CMakeLists.txt
Samples/0_Introduction/simpleLayeredTexture/README.md
Samples/0_Introduction/simpleLayeredTexture/.vscode/c_cpp_properties.json
Samples/0_Introduction/simpleLayeredTexture/.vscode/extensions.json
Samples/0_Introduction/simpleLayeredTexture/.vscode/launch.json
Samples/0_Introduction/simpleCubemapTexture/simpleCubemapTexture.cu
Samples/0_Introduction/simpleCubemapTexture/CMakeLists.txt
Samples/0_Introduction/simpleCubemapTexture/README.md
Samples/0_Introduction/simpleCubemapTexture/.vscode/c_cpp_properties.json
Samples/0_Introduction/simpleCubemapTexture/.vscode/extensions.json
Samples/0_Introduction/simpleCubemapTexture/.vscode/launch.json
Samples/0_Introduction/fp16ScalarProduct/CMakeLists.txt
Samples/0_Introduction/fp16ScalarProduct/README.md
Samples/0_Introduction/fp16ScalarProduct/fp16ScalarProduct.cu
Samples/0_Introduction/fp16ScalarProduct/.vscode/c_cpp_properties.json
Samples/0_Introduction/fp16ScalarProduct/.vscode/extensions.json
Samples/0_Introduction/fp16ScalarProduct/.vscode/launch.json
Samples/0_Introduction/cudaOpenMP/CMakeLists.txt
Samples/0_Introduction/cudaOpenMP/README.md
Samples/0_Introduction/cudaOpenMP/cudaOpenMP.cu
Samples/0_Introduction/cudaOpenMP/.vscode/c_cpp_properties.json
Samples/0_Introduction/cudaOpenMP/.vscode/extensions.json
Samples/0_Introduction/cudaOpenMP/.vscode/launch.json
Samples/0_Introduction/simpleDrvRuntime/CMakeLists.txt
Samples/0_Introduction/simpleDrvRuntime/README.md
Samples/0_Introduction/simpleDrvRuntime/simpleDrvRuntime.cpp
Samples/0_Introduction/simpleDrvRuntime/vectorAdd_kernel.cu
Samples/0_Introduction/simpleDrvRuntime/.vscode/c_cpp_properties.json
Samples/0_Introduction/simpleDrvRuntime/.vscode/extensions.json
Samples/0_Introduction/simpleDrvRuntime/.vscode/launch.json
Samples/0_Introduction/matrixMulDynlinkJIT/cuda_drvapi_dynlink.c
Samples/0_Introduction/matrixMulDynlinkJIT/matrixMul_gold.cpp
Samples/0_Introduction/matrixMulDynlinkJIT/matrixMul_kernel_32_ptxdump.h
Samples/0_Introduction/matrixMulDynlinkJIT/CMakeLists.txt
Samples/0_Introduction/matrixMulDynlinkJIT/README.md
Samples/0_Introduction/matrixMulDynlinkJIT/matrixMul_kernel_32_ptxdump.c
Samples/0_Introduction/matrixMulDynlinkJIT/cuda_drvapi_dynlink_cuda.h
Samples/0_Introduction/matrixMulDynlinkJIT/helper_cuda_drvapi.h
Samples/0_Introduction/matrixMulDynlinkJIT/cuda_drvapi_dynlink.h
Samples/0_Introduction/matrixMulDynlinkJIT/matrixMul_kernel_64_ptxdump.c
Samples/0_Introduction/matrixMulDynlinkJIT/matrixMulDynlinkJIT.cpp
Samples/0_Introduction/matrixMulDynlinkJIT/matrixMul.h
Samples/0_Introduction/matrixMulDynlinkJIT/matrixMul_kernel_64_ptxdump.h
Samples/0_Introduction/matrixMulDynlinkJIT/extras/README.TXT
Samples/0_Introduction/matrixMulDynlinkJIT/extras/ptx2c.py
Samples/0_Introduction/matrixMulDynlinkJIT/extras/matrixMul_kernel_64.ptx
Samples/0_Introduction/matrixMulDynlinkJIT/extras/matrixMul_kernel_32.ptx
Samples/0_Introduction/matrixMulDynlinkJIT/.vscode/c_cpp_properties.json
Samples/0_Introduction/matrixMulDynlinkJIT/.vscode/extensions.json
Samples/0_Introduction/matrixMulDynlinkJIT/.vscode/launch.json
Samples/0_Introduction/simpleSurfaceWrite/CMakeLists.txt
Samples/0_Introduction/simpleSurfaceWrite/README.md
Samples/0_Introduction/simpleSurfaceWrite/simpleSurfaceWrite.cu
Samples/0_Introduction/simpleSurfaceWrite/.vscode/c_cpp_properties.json
Samples/0_Introduction/simpleSurfaceWrite/.vscode/extensions.json
Samples/0_Introduction/simpleSurfaceWrite/.vscode/launch.json
Samples/0_Introduction/simplePitchLinearTexture/CMakeLists.txt
Samples/0_Introduction/simplePitchLinearTexture/README.md
Samples/0_Introduction/simplePitchLinearTexture/simplePitchLinearTexture.cu
Samples/0_Introduction/simplePitchLinearTexture/.vscode/c_cpp_properties.json
Samples/0_Introduction/simplePitchLinearTexture/.vscode/extensions.json
Samples/0_Introduction/simplePitchLinearTexture/.vscode/launch.json
Samples/0_Introduction/simpleVoteIntrinsics/simpleVoteIntrinsics.cu
Samples/0_Introduction/simpleVoteIntrinsics/CMakeLists.txt
Samples/0_Introduction/simpleVoteIntrinsics/README.md
Samples/0_Introduction/simpleVoteIntrinsics/simpleVote_kernel.cuh
Samples/0_Introduction/simpleVoteIntrinsics/.vscode/c_cpp_properties.json
Samples/0_Introduction/simpleVoteIntrinsics/.vscode/extensions.json
Samples/0_Introduction/simpleVoteIntrinsics/.vscode/launch.json
Samples/0_Introduction/simpleCooperativeGroups/CMakeLists.txt
Samples/0_Introduction/simpleCooperativeGroups/README.md
Samples/0_Introduction/simpleCooperativeGroups/simpleCooperativeGroups.cu
Samples/0_Introduction/simpleCooperativeGroups/.vscode/c_cpp_properties.json
Samples/0_Introduction/simpleCooperativeGroups/.vscode/extensions.json
Samples/0_Introduction/simpleCooperativeGroups/.vscode/launch.json
Samples/0_Introduction/simpleAWBarrier/CMakeLists.txt
Samples/0_Introduction/simpleAWBarrier/README.md
Samples/0_Introduction/simpleAWBarrier/simpleAWBarrier.cu
Samples/0_Introduction/simpleAWBarrier/.vscode/c_cpp_properties.json
Samples/0_Introduction/simpleAWBarrier/.vscode/extensions.json
Samples/0_Introduction/simpleAWBarrier/.vscode/launch.json
Samples/0_Introduction/simplePrintf/CMakeLists.txt
Samples/0_Introduction/simplePrintf/README.md
Samples/0_Introduction/simplePrintf/simplePrintf.cu
Samples/0_Introduction/simplePrintf/.vscode/c_cpp_properties.json
Samples/0_Introduction/simplePrintf/.vscode/extensions.json
Samples/0_Introduction/simplePrintf/.vscode/launch.json
Samples/0_Introduction/simpleAtomicIntrinsics_nvrtc/simpleAtomicIntrinsics_cpu.cpp
Samples/0_Introduction/simpleAtomicIntrinsics_nvrtc/CMakeLists.txt
Samples/0_Introduction/simpleAtomicIntrinsics_nvrtc/README.md
Samples/0_Introduction/simpleAtomicIntrinsics_nvrtc/simpleAtomicIntrinsics.cpp
Samples/0_Introduction/simpleAtomicIntrinsics_nvrtc/simpleAtomicIntrinsics_kernel.cuh
Samples/0_Introduction/simpleAtomicIntrinsics_nvrtc/.vscode/c_cpp_properties.json
Samples/0_Introduction/simpleAtomicIntrinsics_nvrtc/.vscode/extensions.json
Samples/0_Introduction/simpleAtomicIntrinsics_nvrtc/.vscode/launch.json
Samples/0_Introduction/clock/clock.cu
Samples/0_Introduction/clock/CMakeLists.txt
Samples/0_Introduction/clock/README.md
Samples/0_Introduction/clock/.vscode/c_cpp_properties.json
Samples/0_Introduction/clock/.vscode/extensions.json
Samples/0_Introduction/clock/.vscode/launch.json
Samples/0_Introduction/simpleAttributes/simpleAttributes.cu
Samples/0_Introduction/simpleAttributes/CMakeLists.txt
Samples/0_Introduction/simpleAttributes/README.md
Samples/0_Introduction/simpleAttributes/.vscode/c_cpp_properties.json
Samples/0_Introduction/simpleAttributes/.vscode/extensions.json
Samples/0_Introduction/simpleAttributes/.vscode/launch.json
Samples/0_Introduction/vectorAddDrv/vectorAddDrv.cpp
Samples/0_Introduction/vectorAddDrv/CMakeLists.txt
Samples/0_Introduction/vectorAddDrv/README.md
Samples/0_Introduction/vectorAddDrv/vectorAdd_kernel.cu
Samples/0_Introduction/vectorAddDrv/.vscode/c_cpp_properties.json
Samples/0_Introduction/vectorAddDrv/.vscode/extensions.json
Samples/0_Introduction/vectorAddDrv/.vscode/launch.json
Samples/0_Introduction/simpleIPC/CMakeLists.txt
Samples/0_Introduction/simpleIPC/README.md
Samples/0_Introduction/simpleIPC/simpleIPC.cu
Samples/0_Introduction/simpleIPC/.vscode/c_cpp_properties.json
Samples/0_Introduction/simpleIPC/.vscode/extensions.json
Samples/0_Introduction/simpleIPC/.vscode/launch.json
Samples/0_Introduction/simpleAtomicIntrinsics/simpleAtomicIntrinsics.cu
Samples/0_Introduction/simpleAtomicIntrinsics/simpleAtomicIntrinsics_cpu.cpp
Samples/0_Introduction/simpleAtomicIntrinsics/CMakeLists.txt
Samples/0_Introduction/simpleAtomicIntrinsics/README.md
Samples/0_Introduction/simpleAtomicIntrinsics/simpleAtomicIntrinsics_kernel.cuh
Samples/0_Introduction/simpleAtomicIntrinsics/.vscode/c_cpp_properties.json
Samples/0_Introduction/simpleAtomicIntrinsics/.vscode/extensions.json
Samples/0_Introduction/simpleAtomicIntrinsics/.vscode/launch.json
Samples/0_Introduction/matrixMul_nvrtc/CMakeLists.txt
Samples/0_Introduction/matrixMul_nvrtc/README.md
Samples/0_Introduction/matrixMul_nvrtc/matrixMul_kernel.cu
Samples/0_Introduction/matrixMul_nvrtc/matrixMul.cpp
Samples/0_Introduction/matrixMul_nvrtc/.vscode/c_cpp_properties.json
Samples/0_Introduction/matrixMul_nvrtc/.vscode/extensions.json
Samples/0_Introduction/matrixMul_nvrtc/.vscode/launch.json
Samples/0_Introduction/simpleMPI/simpleMPI.cu
Samples/0_Introduction/simpleMPI/CMakeLists.txt
Samples/0_Introduction/simpleMPI/README.md
Samples/0_Introduction/simpleMPI/simpleMPI.h
Samples/0_Introduction/simpleMPI/simpleMPI.cpp
Samples/0_Introduction/simpleMPI/.vscode/c_cpp_properties.json
Samples/0_Introduction/simpleMPI/.vscode/extensions.json
Samples/0_Introduction/simpleMPI/.vscode/launch.json
Samples/0_Introduction/simpleOccupancy/CMakeLists.txt
Samples/0_Introduction/simpleOccupancy/README.md
Samples/0_Introduction/simpleOccupancy/simpleOccupancy.cu
Samples/0_Introduction/simpleOccupancy/.vscode/c_cpp_properties.json
Samples/0_Introduction/simpleOccupancy/.vscode/extensions.json
Samples/0_Introduction/simpleOccupancy/.vscode/launch.json
Samples/0_Introduction/simpleCUDA2GL/CMakeLists.txt
Samples/0_Introduction/simpleCUDA2GL/README.md
Samples/0_Introduction/simpleCUDA2GL/simpleCUDA2GL.cu
Samples/0_Introduction/simpleCUDA2GL/main.cpp
Samples/0_Introduction/simpleCUDA2GL/.vscode/c_cpp_properties.json
Samples/0_Introduction/simpleCUDA2GL/.vscode/extensions.json
Samples/0_Introduction/simpleCUDA2GL/.vscode/launch.json
Samples/0_Introduction/simpleZeroCopy/CMakeLists.txt
Samples/0_Introduction/simpleZeroCopy/README.md
Samples/0_Introduction/simpleZeroCopy/simpleZeroCopy.cu
Samples/0_Introduction/simpleZeroCopy/.vscode/c_cpp_properties.json
Samples/0_Introduction/simpleZeroCopy/.vscode/extensions.json
Samples/0_Introduction/simpleZeroCopy/.vscode/launch.json
Samples/0_Introduction/clock_nvrtc/CMakeLists.txt
Samples/0_Introduction/clock_nvrtc/README.md
Samples/0_Introduction/clock_nvrtc/clock.cpp
Samples/0_Introduction/clock_nvrtc/clock_kernel.cu
Samples/0_Introduction/clock_nvrtc/.vscode/c_cpp_properties.json
Samples/0_Introduction/clock_nvrtc/.vscode/extensions.json
Samples/0_Introduction/clock_nvrtc/.vscode/launch.json
Samples/0_Introduction/simpleHyperQ/simpleHyperQ.cu
Samples/0_Introduction/simpleHyperQ/CMakeLists.txt
Samples/0_Introduction/simpleHyperQ/README.md
Samples/0_Introduction/simpleHyperQ/.vscode/c_cpp_properties.json
Samples/0_Introduction/simpleHyperQ/.vscode/extensions.json
Samples/0_Introduction/simpleHyperQ/.vscode/launch.json
Samples/0_Introduction/simpleMultiCopy/simpleMultiCopy.cu
Samples/0_Introduction/simpleMultiCopy/CMakeLists.txt
Samples/0_Introduction/simpleMultiCopy/README.md
Samples/0_Introduction/simpleMultiCopy/.vscode/c_cpp_properties.json
Samples/0_Introduction/simpleMultiCopy/.vscode/extensions.json
Samples/0_Introduction/simpleMultiCopy/.vscode/launch.json
Samples/0_Introduction/mergeSort/mergeSort_common.h
Samples/0_Introduction/mergeSort/mergeSort.cu
Samples/0_Introduction/mergeSort/CMakeLists.txt
Samples/0_Introduction/mergeSort/README.md
Samples/0_Introduction/mergeSort/mergeSort_validate.cpp
Samples/0_Introduction/mergeSort/main.cpp
Samples/0_Introduction/mergeSort/bitonic.cu
Samples/0_Introduction/mergeSort/mergeSort_host.cpp
Samples/0_Introduction/mergeSort/.vscode/c_cpp_properties.json
Samples/0_Introduction/mergeSort/.vscode/extensions.json
Samples/0_Introduction/mergeSort/.vscode/launch.json
Samples/0_Introduction/asyncAPI/CMakeLists.txt
Samples/0_Introduction/asyncAPI/README.md
Samples/0_Introduction/asyncAPI/asyncAPI.cu
Samples/0_Introduction/asyncAPI/.vscode/c_cpp_properties.json
Samples/0_Introduction/asyncAPI/.vscode/extensions.json
Samples/0_Introduction/asyncAPI/.vscode/launch.json
Samples/0_Introduction/vectorAdd/CMakeLists.txt
Samples/0_Introduction/vectorAdd/README.md
Samples/0_Introduction/vectorAdd/vectorAdd.cu
Samples/0_Introduction/vectorAdd/.vscode/c_cpp_properties.json
Samples/0_Introduction/vectorAdd/.vscode/extensions.json
Samples/0_Introduction/vectorAdd/.vscode/launch.json
Samples/0_Introduction/simpleTexture3D/simpleTexture3D_kernel.cu
Samples/0_Introduction/simpleTexture3D/simpleTexture3D.cpp
Samples/0_Introduction/simpleTexture3D/CMakeLists.txt
Samples/0_Introduction/simpleTexture3D/README.md
Samples/0_Introduction/simpleTexture3D/.vscode/c_cpp_properties.json
Samples/0_Introduction/simpleTexture3D/.vscode/extensions.json
Samples/0_Introduction/simpleTexture3D/.vscode/launch.json
Samples/0_Introduction/simpleAssert/CMakeLists.txt
Samples/0_Introduction/simpleAssert/README.md
Samples/0_Introduction/simpleAssert/simpleAssert.cu
Samples/0_Introduction/simpleAssert/.vscode/c_cpp_properties.json
Samples/0_Introduction/simpleAssert/.vscode/extensions.json
Samples/0_Introduction/simpleAssert/.vscode/launch.json
Samples/0_Introduction/simpleAssert_nvrtc/simpleAssert_kernel.cu
Samples/0_Introduction/simpleAssert_nvrtc/CMakeLists.txt
Samples/0_Introduction/simpleAssert_nvrtc/README.md
Samples/0_Introduction/simpleAssert_nvrtc/simpleAssert.cpp
Samples/0_Introduction/simpleAssert_nvrtc/.vscode/c_cpp_properties.json
Samples/0_Introduction/simpleAssert_nvrtc/.vscode/extensions.json
Samples/0_Introduction/simpleAssert_nvrtc/.vscode/launch.json
Samples/0_Introduction/matrixMulDrv/CMakeLists.txt
Samples/0_Introduction/matrixMulDrv/README.md
Samples/0_Introduction/matrixMulDrv/matrixMul_kernel.cu
Samples/0_Introduction/matrixMulDrv/matrixMul.h
Samples/0_Introduction/matrixMulDrv/matrixMulDrv.cpp
Samples/0_Introduction/matrixMulDrv/.vscode/c_cpp_properties.json
Samples/0_Introduction/matrixMulDrv/.vscode/extensions.json
Samples/0_Introduction/matrixMulDrv/.vscode/launch.json
Samples/0_Introduction/simpleTextureDrv/simpleTexture_kernel.cu
Samples/0_Introduction/simpleTextureDrv/CMakeLists.txt
Samples/0_Introduction/simpleTextureDrv/README.md
Samples/0_Introduction/simpleTextureDrv/simpleTextureDrv.cpp
Samples/0_Introduction/simpleTextureDrv/.vscode/c_cpp_properties.json
Samples/0_Introduction/simpleTextureDrv/.vscode/extensions.json
Samples/0_Introduction/simpleTextureDrv/.vscode/launch.json
Samples/0_Introduction/simpleTexture/CMakeLists.txt
Samples/0_Introduction/simpleTexture/README.md
Samples/0_Introduction/simpleTexture/simpleTexture.cu
Samples/0_Introduction/simpleTexture/.vscode/c_cpp_properties.json
Samples/0_Introduction/simpleTexture/.vscode/extensions.json
Samples/0_Introduction/simpleTexture/.vscode/launch.json
Samples/0_Introduction/simpleStreams/CMakeLists.txt
Samples/0_Introduction/simpleStreams/README.md
Samples/0_Introduction/simpleStreams/simpleStreams.cu
Samples/0_Introduction/simpleStreams/.vscode/c_cpp_properties.json
Samples/0_Introduction/simpleStreams/.vscode/extensions.json
Samples/0_Introduction/simpleStreams/.vscode/launch.json
Samples/0_Introduction/simpleTemplates/CMakeLists.txt
Samples/0_Introduction/simpleTemplates/README.md
Samples/0_Introduction/simpleTemplates/simpleTemplates.cu
Samples/0_Introduction/simpleTemplates/sharedmem.cuh
Samples/0_Introduction/simpleTemplates/.vscode/c_cpp_properties.json
Samples/0_Introduction/simpleTemplates/.vscode/extensions.json
Samples/0_Introduction/simpleTemplates/.vscode/launch.json
Samples/0_Introduction/matrixMul/CMakeLists.txt
Samples/0_Introduction/matrixMul/README.md
Samples/0_Introduction/matrixMul/matrixMul.cu
Samples/0_Introduction/matrixMul/.vscode/c_cpp_properties.json
Samples/0_Introduction/matrixMul/.vscode/extensions.json
Samples/0_Introduction/matrixMul/.vscode/launch.json
Samples/0_Introduction/systemWideAtomics/systemWideAtomics.cu
Samples/0_Introduction/systemWideAtomics/CMakeLists.txt
Samples/0_Introduction/systemWideAtomics/README.md
Samples/0_Introduction/systemWideAtomics/.vscode/c_cpp_properties.json
Samples/0_Introduction/systemWideAtomics/.vscode/extensions.json
Samples/0_Introduction/systemWideAtomics/.vscode/launch.json
Samples/0_Introduction/template/CMakeLists.txt
Samples/0_Introduction/template/README.md
Samples/0_Introduction/template/template.cu
Samples/0_Introduction/template/template_cpu.cpp
Samples/0_Introduction/template/.vscode/c_cpp_properties.json
Samples/0_Introduction/template/.vscode/extensions.json
Samples/0_Introduction/template/.vscode/launch.json
Samples/0_Introduction/simpleMultiGPU/CMakeLists.txt
Samples/0_Introduction/simpleMultiGPU/README.md
Samples/0_Introduction/simpleMultiGPU/simpleMultiGPU.cu
Samples/0_Introduction/simpleMultiGPU/simpleMultiGPU.h
Samples/0_Introduction/simpleMultiGPU/.vscode/c_cpp_properties.json
Samples/0_Introduction/simpleMultiGPU/.vscode/extensions.json
Samples/0_Introduction/simpleMultiGPU/.vscode/launch.json
Samples/0_Introduction/vectorAddMMAP/multidevicealloc_memmap.hpp
Samples/0_Introduction/vectorAddMMAP/CMakeLists.txt
Samples/0_Introduction/vectorAddMMAP/README.md
Samples/0_Introduction/vectorAddMMAP/vectorAdd_kernel.cu
Samples/0_Introduction/vectorAddMMAP/multidevicealloc_memmap.cpp
Samples/0_Introduction/vectorAddMMAP/vectorAddMMAP.cpp
Samples/0_Introduction/vectorAddMMAP/.vscode/c_cpp_properties.json
Samples/0_Introduction/vectorAddMMAP/.vscode/extensions.json
Samples/0_Introduction/vectorAddMMAP/.vscode/launch.json
Samples/0_Introduction/simpleCallback/simpleCallback.cu
Samples/0_Introduction/simpleCallback/CMakeLists.txt
Samples/0_Introduction/simpleCallback/README.md
Samples/0_Introduction/simpleCallback/multithreading.h
Samples/0_Introduction/simpleCallback/multithreading.cpp
Samples/0_Introduction/simpleCallback/.vscode/c_cpp_properties.json
Samples/0_Introduction/simpleCallback/.vscode/extensions.json
Samples/0_Introduction/simpleCallback/.vscode/launch.json
Samples/0_Introduction/vectorAdd_nvrtc/CMakeLists.txt
Samples/0_Introduction/vectorAdd_nvrtc/README.md
Samples/0_Introduction/vectorAdd_nvrtc/vectorAdd_kernel.cu
Samples/0_Introduction/vectorAdd_nvrtc/vectorAdd.cpp
Samples/0_Introduction/vectorAdd_nvrtc/.vscode/c_cpp_properties.json
Samples/0_Introduction/vectorAdd_nvrtc/.vscode/extensions.json
Samples/0_Introduction/vectorAdd_nvrtc/.vscode/launch.json
Samples/0_Introduction/UnifiedMemoryStreams/CMakeLists.txt
Samples/0_Introduction/UnifiedMemoryStreams/README.md
Samples/0_Introduction/UnifiedMemoryStreams/UnifiedMemoryStreams.cu
Samples/0_Introduction/UnifiedMemoryStreams/.vscode/c_cpp_properties.json
Samples/0_Introduction/UnifiedMemoryStreams/.vscode/extensions.json
Samples/0_Introduction/UnifiedMemoryStreams/.vscode/launch.json
Samples/2_Concepts_and_Techniques/CMakeLists.txt
Samples/2_Concepts_and_Techniques/README.md
Samples/2_Concepts_and_Techniques/streamOrderedAllocationIPC/CMakeLists.txt
Samples/2_Concepts_and_Techniques/streamOrderedAllocationIPC/README.md
Samples/2_Concepts_and_Techniques/streamOrderedAllocationIPC/streamOrderedAllocationIPC.cu
Samples/2_Concepts_and_Techniques/streamOrderedAllocationIPC/.vscode/c_cpp_properties.json
Samples/2_Concepts_and_Techniques/streamOrderedAllocationIPC/.vscode/extensions.json
Samples/2_Concepts_and_Techniques/streamOrderedAllocationIPC/.vscode/launch.json
Samples/2_Concepts_and_Techniques/MC_SingleAsianOptionP/CMakeLists.txt
Samples/2_Concepts_and_Techniques/MC_SingleAsianOptionP/README.md
Samples/2_Concepts_and_Techniques/MC_SingleAsianOptionP/inc/pricingengine.h
Samples/2_Concepts_and_Techniques/MC_SingleAsianOptionP/inc/asianoption.h
Samples/2_Concepts_and_Techniques/MC_SingleAsianOptionP/inc/test.h
Samples/2_Concepts_and_Techniques/MC_SingleAsianOptionP/inc/cudasharedmem.h
Samples/2_Concepts_and_Techniques/MC_SingleAsianOptionP/src/pricingengine.cu
Samples/2_Concepts_and_Techniques/MC_SingleAsianOptionP/src/test.cpp
Samples/2_Concepts_and_Techniques/MC_SingleAsianOptionP/src/main.cpp
Samples/2_Concepts_and_Techniques/MC_SingleAsianOptionP/.vscode/c_cpp_properties.json
Samples/2_Concepts_and_Techniques/MC_SingleAsianOptionP/.vscode/extensions.json
Samples/2_Concepts_and_Techniques/MC_SingleAsianOptionP/.vscode/launch.json
Samples/2_Concepts_and_Techniques/interval/cuda_interval_rounded_arith.h
Samples/2_Concepts_and_Techniques/interval/cpu_interval.h
Samples/2_Concepts_and_Techniques/interval/CMakeLists.txt
Samples/2_Concepts_and_Techniques/interval/README.md
Samples/2_Concepts_and_Techniques/interval/interval.h
Samples/2_Concepts_and_Techniques/interval/interval.cu
Samples/2_Concepts_and_Techniques/interval/cuda_interval.h
Samples/2_Concepts_and_Techniques/interval/cuda_interval_lib.h
Samples/2_Concepts_and_Techniques/interval/.vscode/c_cpp_properties.json
Samples/2_Concepts_and_Techniques/interval/.vscode/extensions.json
Samples/2_Concepts_and_Techniques/interval/.vscode/launch.json
Samples/2_Concepts_and_Techniques/interval/boost/limits.hpp
Samples/2_Concepts_and_Techniques/interval/boost/config.hpp
Samples/2_Concepts_and_Techniques/interval/boost/numeric/interval.hpp
Samples/2_Concepts_and_Techniques/interval/boost/numeric/interval/interval.hpp
Samples/2_Concepts_and_Techniques/interval/boost/numeric/interval/rounding.hpp
Samples/2_Concepts_and_Techniques/interval/boost/numeric/interval/constants.hpp
Samples/2_Concepts_and_Techniques/interval/boost/numeric/interval/rounded_transc.hpp
Samples/2_Concepts_and_Techniques/interval/boost/numeric/interval/policies.hpp
Samples/2_Concepts_and_Techniques/interval/boost/numeric/interval/io.hpp
Samples/2_Concepts_and_Techniques/interval/boost/numeric/interval/compare.hpp
Samples/2_Concepts_and_Techniques/interval/boost/numeric/interval/transc.hpp
Samples/2_Concepts_and_Techniques/interval/boost/numeric/interval/hw_rounding.hpp
Samples/2_Concepts_and_Techniques/interval/boost/numeric/interval/arith2.hpp
Samples/2_Concepts_and_Techniques/interval/boost/numeric/interval/arith3.hpp
Samples/2_Concepts_and_Techniques/interval/boost/numeric/interval/limits.hpp
Samples/2_Concepts_and_Techniques/interval/boost/numeric/interval/rounded_arith.hpp
Samples/2_Concepts_and_Techniques/interval/boost/numeric/interval/utility.hpp
Samples/2_Concepts_and_Techniques/interval/boost/numeric/interval/arith.hpp
Samples/2_Concepts_and_Techniques/interval/boost/numeric/interval/checking.hpp
Samples/2_Concepts_and_Techniques/interval/boost/numeric/interval/detail/alpha_rounding_control.hpp
Samples/2_Concepts_and_Techniques/interval/boost/numeric/interval/detail/interval_prototype.hpp
Samples/2_Concepts_and_Techniques/interval/boost/numeric/interval/detail/test_input.hpp
Samples/2_Concepts_and_Techniques/interval/boost/numeric/interval/detail/bcc_rounding_control.hpp
Samples/2_Concepts_and_Techniques/interval/boost/numeric/interval/detail/c99_rounding_control.hpp
Samples/2_Concepts_and_Techniques/interval/boost/numeric/interval/detail/x86_rounding_control.hpp
Samples/2_Concepts_and_Techniques/interval/boost/numeric/interval/detail/division.hpp
Samples/2_Concepts_and_Techniques/interval/boost/numeric/interval/detail/sparc_rounding_control.hpp
Samples/2_Concepts_and_Techniques/interval/boost/numeric/interval/detail/c99sub_rounding_control.hpp
Samples/2_Concepts_and_Techniques/interval/boost/numeric/interval/detail/x86gcc_rounding_control.hpp
Samples/2_Concepts_and_Techniques/interval/boost/numeric/interval/detail/ia64_rounding_control.hpp
Samples/2_Concepts_and_Techniques/interval/boost/numeric/interval/detail/msvc_rounding_control.hpp
Samples/2_Concepts_and_Techniques/interval/boost/numeric/interval/detail/ppc_rounding_control.hpp
Samples/2_Concepts_and_Techniques/interval/boost/numeric/interval/detail/bugs.hpp
Samples/2_Concepts_and_Techniques/interval/boost/numeric/interval/ext/x86_fast_rounding_control.hpp
Samples/2_Concepts_and_Techniques/interval/boost/numeric/interval/ext/integer.hpp
Samples/2_Concepts_and_Techniques/interval/boost/numeric/interval/compare/set.hpp
Samples/2_Concepts_and_Techniques/interval/boost/numeric/interval/compare/possible.hpp
Samples/2_Concepts_and_Techniques/interval/boost/numeric/interval/compare/lexicographic.hpp
Samples/2_Concepts_and_Techniques/interval/boost/numeric/interval/compare/certain.hpp
Samples/2_Concepts_and_Techniques/interval/boost/numeric/interval/compare/tribool.hpp
Samples/2_Concepts_and_Techniques/interval/boost/numeric/interval/compare/explicit.hpp
Samples/2_Concepts_and_Techniques/interval/boost/config/select_compiler_config.hpp
Samples/2_Concepts_and_Techniques/interval/boost/config/user.hpp
Samples/2_Concepts_and_Techniques/interval/boost/config/select_platform_config.hpp
Samples/2_Concepts_and_Techniques/interval/boost/config/posix_features.hpp
Samples/2_Concepts_and_Techniques/interval/boost/config/requires_threads.hpp
Samples/2_Concepts_and_Techniques/interval/boost/config/select_stdlib_config.hpp
Samples/2_Concepts_and_Techniques/interval/boost/config/abi_suffix.hpp
Samples/2_Concepts_and_Techniques/interval/boost/config/abi_prefix.hpp
Samples/2_Concepts_and_Techniques/interval/boost/config/warning_disable.hpp
Samples/2_Concepts_and_Techniques/interval/boost/config/suffix.hpp
Samples/2_Concepts_and_Techniques/interval/boost/config/auto_link.hpp
Samples/2_Concepts_and_Techniques/interval/boost/config/stdlib/vacpp.hpp
Samples/2_Concepts_and_Techniques/interval/boost/config/stdlib/modena.hpp
Samples/2_Concepts_and_Techniques/interval/boost/config/stdlib/stlport.hpp
Samples/2_Concepts_and_Techniques/interval/boost/config/stdlib/libcomo.hpp
Samples/2_Concepts_and_Techniques/interval/boost/config/stdlib/msl.hpp
Samples/2_Concepts_and_Techniques/interval/boost/config/stdlib/dinkumware.hpp
Samples/2_Concepts_and_Techniques/interval/boost/config/stdlib/roguewave.hpp
Samples/2_Concepts_and_Techniques/interval/boost/config/stdlib/libstdcpp3.hpp
Samples/2_Concepts_and_Techniques/interval/boost/config/stdlib/sgi.hpp
Samples/2_Concepts_and_Techniques/interval/boost/config/abi/borland_prefix.hpp
Samples/2_Concepts_and_Techniques/interval/boost/config/abi/msvc_suffix.hpp
Samples/2_Concepts_and_Techniques/interval/boost/config/abi/msvc_prefix.hpp
Samples/2_Concepts_and_Techniques/interval/boost/config/abi/borland_suffix.hpp
Samples/2_Concepts_and_Techniques/interval/boost/config/compiler/intel.hpp
Samples/2_Concepts_and_Techniques/interval/boost/config/compiler/sgi_mipspro.hpp
Samples/2_Concepts_and_Techniques/interval/boost/config/compiler/gcc_xml.hpp
Samples/2_Concepts_and_Techniques/interval/boost/config/compiler/vacpp.hpp
Samples/2_Concepts_and_Techniques/interval/boost/config/compiler/kai.hpp
Samples/2_Concepts_and_Techniques/interval/boost/config/compiler/metrowerks.hpp
Samples/2_Concepts_and_Techniques/interval/boost/config/compiler/hp_acc.hpp
Samples/2_Concepts_and_Techniques/interval/boost/config/compiler/borland.hpp
Samples/2_Concepts_and_Techniques/interval/boost/config/compiler/compaq_cxx.hpp
Samples/2_Concepts_and_Techniques/interval/boost/config/compiler/common_edg.hpp
Samples/2_Concepts_and_Techniques/interval/boost/config/compiler/gcc.hpp
Samples/2_Concepts_and_Techniques/interval/boost/config/compiler/pgi.hpp
Samples/2_Concepts_and_Techniques/interval/boost/config/compiler/codegear.hpp
Samples/2_Concepts_and_Techniques/interval/boost/config/compiler/greenhills.hpp
Samples/2_Concepts_and_Techniques/interval/boost/config/compiler/sunpro_cc.hpp
Samples/2_Concepts_and_Techniques/interval/boost/config/compiler/visualc.hpp
Samples/2_Concepts_and_Techniques/interval/boost/config/compiler/mpw.hpp
Samples/2_Concepts_and_Techniques/interval/boost/config/compiler/comeau.hpp
Samples/2_Concepts_and_Techniques/interval/boost/config/compiler/digitalmars.hpp
Samples/2_Concepts_and_Techniques/interval/boost/config/no_tr1/complex.hpp
Samples/2_Concepts_and_Techniques/interval/boost/config/no_tr1/memory.hpp
Samples/2_Concepts_and_Techniques/interval/boost/config/no_tr1/functional.hpp
Samples/2_Concepts_and_Techniques/interval/boost/config/no_tr1/cmath.hpp
Samples/2_Concepts_and_Techniques/interval/boost/config/no_tr1/utility.hpp
Samples/2_Concepts_and_Techniques/interval/boost/config/platform/win32.hpp
Samples/2_Concepts_and_Techniques/interval/boost/config/platform/irix.hpp
Samples/2_Concepts_and_Techniques/interval/boost/config/platform/solaris.hpp
Samples/2_Concepts_and_Techniques/interval/boost/config/platform/amigaos.hpp
Samples/2_Concepts_and_Techniques/interval/boost/config/platform/linux.hpp
Samples/2_Concepts_and_Techniques/interval/boost/config/platform/hpux.hpp
Samples/2_Concepts_and_Techniques/interval/boost/config/platform/bsd.hpp
Samples/2_Concepts_and_Techniques/interval/boost/config/platform/cygwin.hpp
Samples/2_Concepts_and_Techniques/interval/boost/config/platform/macos.hpp
Samples/2_Concepts_and_Techniques/interval/boost/config/platform/beos.hpp
Samples/2_Concepts_and_Techniques/interval/boost/config/platform/vxworks.hpp
Samples/2_Concepts_and_Techniques/interval/boost/config/platform/aix.hpp
Samples/2_Concepts_and_Techniques/interval/boost/config/platform/qnxnto.hpp
Samples/2_Concepts_and_Techniques/FunctionPointers/FunctionPointers_kernels.h
Samples/2_Concepts_and_Techniques/FunctionPointers/FunctionPointers.cpp
Samples/2_Concepts_and_Techniques/FunctionPointers/CMakeLists.txt
Samples/2_Concepts_and_Techniques/FunctionPointers/README.md
Samples/2_Concepts_and_Techniques/FunctionPointers/FunctionPointers_kernels.cu
Samples/2_Concepts_and_Techniques/FunctionPointers/.vscode/c_cpp_properties.json
Samples/2_Concepts_and_Techniques/FunctionPointers/.vscode/extensions.json
Samples/2_Concepts_and_Techniques/FunctionPointers/.vscode/launch.json
Samples/2_Concepts_and_Techniques/dct8x8/dct8x8_kernel_quantization.cuh
Samples/2_Concepts_and_Techniques/dct8x8/DCT8x8_Gold.h
Samples/2_Concepts_and_Techniques/dct8x8/CMakeLists.txt
Samples/2_Concepts_and_Techniques/dct8x8/README.md
Samples/2_Concepts_and_Techniques/dct8x8/dct8x8_kernel1.cuh
Samples/2_Concepts_and_Techniques/dct8x8/DCT8x8_Gold.cpp
Samples/2_Concepts_and_Techniques/dct8x8/Common.h
Samples/2_Concepts_and_Techniques/dct8x8/dct8x8.cu
Samples/2_Concepts_and_Techniques/dct8x8/dct8x8_kernel_short.cuh
Samples/2_Concepts_and_Techniques/dct8x8/dct8x8_kernel2.cuh
Samples/2_Concepts_and_Techniques/dct8x8/BmpUtil.cpp
Samples/2_Concepts_and_Techniques/dct8x8/BmpUtil.h
Samples/2_Concepts_and_Techniques/dct8x8/.vscode/c_cpp_properties.json
Samples/2_Concepts_and_Techniques/dct8x8/.vscode/extensions.json
Samples/2_Concepts_and_Techniques/dct8x8/.vscode/launch.json
Samples/2_Concepts_and_Techniques/streamOrderedAllocation/streamOrderedAllocation.cu
Samples/2_Concepts_and_Techniques/streamOrderedAllocation/CMakeLists.txt
Samples/2_Concepts_and_Techniques/streamOrderedAllocation/README.md
Samples/2_Concepts_and_Techniques/streamOrderedAllocation/.vscode/c_cpp_properties.json
Samples/2_Concepts_and_Techniques/streamOrderedAllocation/.vscode/extensions.json
Samples/2_Concepts_and_Techniques/streamOrderedAllocation/.vscode/launch.json
Samples/2_Concepts_and_Techniques/MC_EstimatePiInlineQ/CMakeLists.txt
Samples/2_Concepts_and_Techniques/MC_EstimatePiInlineQ/README.md
Samples/2_Concepts_and_Techniques/MC_EstimatePiInlineQ/inc/test.h
Samples/2_Concepts_and_Techniques/MC_EstimatePiInlineQ/inc/cudasharedmem.h
Samples/2_Concepts_and_Techniques/MC_EstimatePiInlineQ/inc/piestimator.h
Samples/2_Concepts_and_Techniques/MC_EstimatePiInlineQ/src/test.cpp
Samples/2_Concepts_and_Techniques/MC_EstimatePiInlineQ/src/piestimator.cu
Samples/2_Concepts_and_Techniques/MC_EstimatePiInlineQ/src/main.cpp
Samples/2_Concepts_and_Techniques/MC_EstimatePiInlineQ/.vscode/c_cpp_properties.json
Samples/2_Concepts_and_Techniques/MC_EstimatePiInlineQ/.vscode/extensions.json
Samples/2_Concepts_and_Techniques/MC_EstimatePiInlineQ/.vscode/launch.json
Samples/2_Concepts_and_Techniques/threadFenceReduction/CMakeLists.txt
Samples/2_Concepts_and_Techniques/threadFenceReduction/README.md
Samples/2_Concepts_and_Techniques/threadFenceReduction/threadFenceReduction_kernel.cuh
Samples/2_Concepts_and_Techniques/threadFenceReduction/threadFenceReduction.h
Samples/2_Concepts_and_Techniques/threadFenceReduction/threadFenceReduction.cu
Samples/2_Concepts_and_Techniques/threadFenceReduction/.vscode/c_cpp_properties.json
Samples/2_Concepts_and_Techniques/threadFenceReduction/.vscode/extensions.json
Samples/2_Concepts_and_Techniques/threadFenceReduction/.vscode/launch.json
Samples/2_Concepts_and_Techniques/radixSortThrust/CMakeLists.txt
Samples/2_Concepts_and_Techniques/radixSortThrust/README.md
Samples/2_Concepts_and_Techniques/radixSortThrust/radixSortThrust.cu
Samples/2_Concepts_and_Techniques/radixSortThrust/doc/readme.txt
Samples/2_Concepts_and_Techniques/radixSortThrust/.vscode/c_cpp_properties.json
Samples/2_Concepts_and_Techniques/radixSortThrust/.vscode/extensions.json
Samples/2_Concepts_and_Techniques/radixSortThrust/.vscode/launch.json
Samples/2_Concepts_and_Techniques/particles/particles.cpp
Samples/2_Concepts_and_Techniques/particles/render_particles.cpp
Samples/2_Concepts_and_Techniques/particles/particleSystem.cpp
Samples/2_Concepts_and_Techniques/particles/CMakeLists.txt
Samples/2_Concepts_and_Techniques/particles/README.md
Samples/2_Concepts_and_Techniques/particles/particleSystem.cuh
Samples/2_Concepts_and_Techniques/particles/render_particles.h
Samples/2_Concepts_and_Techniques/particles/particleSystem_cuda.cu
Samples/2_Concepts_and_Techniques/particles/particles_kernel.cuh
Samples/2_Concepts_and_Techniques/particles/shaders.h
Samples/2_Concepts_and_Techniques/particles/particles_kernel_impl.cuh
Samples/2_Concepts_and_Techniques/particles/shaders.cpp
Samples/2_Concepts_and_Techniques/particles/particleSystem.h
Samples/2_Concepts_and_Techniques/particles/.vscode/c_cpp_properties.json
Samples/2_Concepts_and_Techniques/particles/.vscode/extensions.json
Samples/2_Concepts_and_Techniques/particles/.vscode/launch.json
Samples/2_Concepts_and_Techniques/segmentationTreeThrust/common.cuh
Samples/2_Concepts_and_Techniques/segmentationTreeThrust/kernels.cuh
Samples/2_Concepts_and_Techniques/segmentationTreeThrust/CMakeLists.txt
Samples/2_Concepts_and_Techniques/segmentationTreeThrust/README.md
Samples/2_Concepts_and_Techniques/segmentationTreeThrust/segmentationTree.cu
Samples/2_Concepts_and_Techniques/segmentationTreeThrust/data/ref_00.ppm
Samples/2_Concepts_and_Techniques/segmentationTreeThrust/data/ref_09.ppm
Samples/2_Concepts_and_Techniques/segmentationTreeThrust/data/test.ppm
Samples/2_Concepts_and_Techniques/segmentationTreeThrust/.vscode/c_cpp_properties.json
Samples/2_Concepts_and_Techniques/segmentationTreeThrust/.vscode/extensions.json
Samples/2_Concepts_and_Techniques/segmentationTreeThrust/.vscode/launch.json
Samples/2_Concepts_and_Techniques/streamOrderedAllocationP2P/CMakeLists.txt
Samples/2_Concepts_and_Techniques/streamOrderedAllocationP2P/README.md
Samples/2_Concepts_and_Techniques/streamOrderedAllocationP2P/streamOrderedAllocationP2P.cu
Samples/2_Concepts_and_Techniques/streamOrderedAllocationP2P/.vscode/c_cpp_properties.json
Samples/2_Concepts_and_Techniques/streamOrderedAllocationP2P/.vscode/extensions.json
Samples/2_Concepts_and_Techniques/streamOrderedAllocationP2P/.vscode/launch.json
Samples/2_Concepts_and_Techniques/scalarProd/scalarProd_kernel.cuh
Samples/2_Concepts_and_Techniques/scalarProd/CMakeLists.txt
Samples/2_Concepts_and_Techniques/scalarProd/README.md
Samples/2_Concepts_and_Techniques/scalarProd/scalarProd.cu
Samples/2_Concepts_and_Techniques/scalarProd/scalarProd_cpu.cpp
Samples/2_Concepts_and_Techniques/scalarProd/.vscode/c_cpp_properties.json
Samples/2_Concepts_and_Techniques/scalarProd/.vscode/extensions.json
Samples/2_Concepts_and_Techniques/scalarProd/.vscode/launch.json
Samples/2_Concepts_and_Techniques/reductionMultiBlockCG/reductionMultiBlockCG.cu
Samples/2_Concepts_and_Techniques/reductionMultiBlockCG/CMakeLists.txt
Samples/2_Concepts_and_Techniques/reductionMultiBlockCG/README.md
Samples/2_Concepts_and_Techniques/reductionMultiBlockCG/.vscode/c_cpp_properties.json
Samples/2_Concepts_and_Techniques/reductionMultiBlockCG/.vscode/extensions.json
Samples/2_Concepts_and_Techniques/reductionMultiBlockCG/.vscode/launch.json
Samples/2_Concepts_and_Techniques/convolutionTexture/convolutionTexture_gold.cpp
Samples/2_Concepts_and_Techniques/convolutionTexture/CMakeLists.txt
Samples/2_Concepts_and_Techniques/convolutionTexture/README.md
Samples/2_Concepts_and_Techniques/convolutionTexture/convolutionTexture_common.h
Samples/2_Concepts_and_Techniques/convolutionTexture/convolutionTexture.cu
Samples/2_Concepts_and_Techniques/convolutionTexture/main.cpp
Samples/2_Concepts_and_Techniques/convolutionTexture/.vscode/c_cpp_properties.json
Samples/2_Concepts_and_Techniques/convolutionTexture/.vscode/extensions.json
Samples/2_Concepts_and_Techniques/convolutionTexture/.vscode/launch.json
Samples/2_Concepts_and_Techniques/imageDenoising/imageDenoising.h
Samples/2_Concepts_and_Techniques/imageDenoising/imageDenoisingGL.cpp
Samples/2_Concepts_and_Techniques/imageDenoising/imageDenoising.cu
Samples/2_Concepts_and_Techniques/imageDenoising/CMakeLists.txt
Samples/2_Concepts_and_Techniques/imageDenoising/README.md
Samples/2_Concepts_and_Techniques/imageDenoising/bmploader.cpp
Samples/2_Concepts_and_Techniques/imageDenoising/imageDenoising_nlm2_kernel.cuh
Samples/2_Concepts_and_Techniques/imageDenoising/imageDenoising_knn_kernel.cuh
Samples/2_Concepts_and_Techniques/imageDenoising/imageDenoising_nlm_kernel.cuh
Samples/2_Concepts_and_Techniques/imageDenoising/imageDenoising_copy_kernel.cuh
Samples/2_Concepts_and_Techniques/imageDenoising/data/ref_nlm.ppm
Samples/2_Concepts_and_Techniques/imageDenoising/data/ref_nlm2.ppm
Samples/2_Concepts_and_Techniques/imageDenoising/data/ref_knn.ppm
Samples/2_Concepts_and_Techniques/imageDenoising/.vscode/c_cpp_properties.json
Samples/2_Concepts_and_Techniques/imageDenoising/.vscode/extensions.json
Samples/2_Concepts_and_Techniques/imageDenoising/.vscode/launch.json
Samples/2_Concepts_and_Techniques/EGLStream_CUDA_CrossGPU/kernel.cu
Samples/2_Concepts_and_Techniques/EGLStream_CUDA_CrossGPU/eglstrm_common.cpp
Samples/2_Concepts_and_Techniques/EGLStream_CUDA_CrossGPU/CMakeLists.txt
Samples/2_Concepts_and_Techniques/EGLStream_CUDA_CrossGPU/README.md
Samples/2_Concepts_and_Techniques/EGLStream_CUDA_CrossGPU/eglstrm_common.h
Samples/2_Concepts_and_Techniques/EGLStream_CUDA_CrossGPU/helper.h
Samples/2_Concepts_and_Techniques/EGLStream_CUDA_CrossGPU/cuda_producer.cpp
Samples/2_Concepts_and_Techniques/EGLStream_CUDA_CrossGPU/cuda_consumer.h
Samples/2_Concepts_and_Techniques/EGLStream_CUDA_CrossGPU/cuda_consumer.cpp
Samples/2_Concepts_and_Techniques/EGLStream_CUDA_CrossGPU/main.cpp
Samples/2_Concepts_and_Techniques/EGLStream_CUDA_CrossGPU/cuda_producer.h
Samples/2_Concepts_and_Techniques/EGLStream_CUDA_CrossGPU/.vscode/c_cpp_properties.json
Samples/2_Concepts_and_Techniques/EGLStream_CUDA_CrossGPU/.vscode/extensions.json
Samples/2_Concepts_and_Techniques/EGLStream_CUDA_CrossGPU/.vscode/launch.json
Samples/2_Concepts_and_Techniques/EGLStream_CUDA_Interop/eglstrm_common.cpp
Samples/2_Concepts_and_Techniques/EGLStream_CUDA_Interop/CMakeLists.txt
Samples/2_Concepts_and_Techniques/EGLStream_CUDA_Interop/README.md
Samples/2_Concepts_and_Techniques/EGLStream_CUDA_Interop/eglstrm_common.h
Samples/2_Concepts_and_Techniques/EGLStream_CUDA_Interop/cuda_producer.cpp
Samples/2_Concepts_and_Techniques/EGLStream_CUDA_Interop/cuda_consumer.h
Samples/2_Concepts_and_Techniques/EGLStream_CUDA_Interop/cuda_consumer.cpp
Samples/2_Concepts_and_Techniques/EGLStream_CUDA_Interop/main.cpp
Samples/2_Concepts_and_Techniques/EGLStream_CUDA_Interop/cuda_producer.h
Samples/2_Concepts_and_Techniques/EGLStream_CUDA_Interop/.vscode/c_cpp_properties.json
Samples/2_Concepts_and_Techniques/EGLStream_CUDA_Interop/.vscode/extensions.json
Samples/2_Concepts_and_Techniques/EGLStream_CUDA_Interop/.vscode/launch.json
Samples/2_Concepts_and_Techniques/reduction/reduction_kernel.cu
Samples/2_Concepts_and_Techniques/reduction/reduction.h
Samples/2_Concepts_and_Techniques/reduction/CMakeLists.txt
Samples/2_Concepts_and_Techniques/reduction/README.md
Samples/2_Concepts_and_Techniques/reduction/reduction.cpp
Samples/2_Concepts_and_Techniques/reduction/.vscode/c_cpp_properties.json
Samples/2_Concepts_and_Techniques/reduction/.vscode/extensions.json
Samples/2_Concepts_and_Techniques/reduction/.vscode/launch.json
Samples/2_Concepts_and_Techniques/eigenvalues/bisect_kernel_large_onei.cuh
Samples/2_Concepts_and_Techniques/eigenvalues/bisect_small.cuh
Samples/2_Concepts_and_Techniques/eigenvalues/config.h
Samples/2_Concepts_and_Techniques/eigenvalues/bisect_kernel_small.cuh
Samples/2_Concepts_and_Techniques/eigenvalues/gerschgorin.cpp
Samples/2_Concepts_and_Techniques/eigenvalues/structs.h
Samples/2_Concepts_and_Techniques/eigenvalues/bisect_large.cu
Samples/2_Concepts_and_Techniques/eigenvalues/main.cu
Samples/2_Concepts_and_Techniques/eigenvalues/CMakeLists.txt
Samples/2_Concepts_and_Techniques/eigenvalues/README.md
Samples/2_Concepts_and_Techniques/eigenvalues/bisect_util.cu
Samples/2_Concepts_and_Techniques/eigenvalues/util.h
Samples/2_Concepts_and_Techniques/eigenvalues/bisect_kernel_large_multi.cuh
Samples/2_Concepts_and_Techniques/eigenvalues/gerschgorin.h
Samples/2_Concepts_and_Techniques/eigenvalues/matlab.h
Samples/2_Concepts_and_Techniques/eigenvalues/bisect_large.cuh
Samples/2_Concepts_and_Techniques/eigenvalues/bisect_small.cu
Samples/2_Concepts_and_Techniques/eigenvalues/matlab.cpp
Samples/2_Concepts_and_Techniques/eigenvalues/bisect_kernel_large.cuh
Samples/2_Concepts_and_Techniques/eigenvalues/.vscode/c_cpp_properties.json
Samples/2_Concepts_and_Techniques/eigenvalues/.vscode/extensions.json
Samples/2_Concepts_and_Techniques/eigenvalues/.vscode/launch.json
Samples/2_Concepts_and_Techniques/boxFilter/boxFilter.cpp
Samples/2_Concepts_and_Techniques/boxFilter/boxFilter_cpu.cpp
Samples/2_Concepts_and_Techniques/boxFilter/boxFilter_kernel.cu
Samples/2_Concepts_and_Techniques/boxFilter/CMakeLists.txt
Samples/2_Concepts_and_Techniques/boxFilter/README.md
Samples/2_Concepts_and_Techniques/boxFilter/.vscode/c_cpp_properties.json
Samples/2_Concepts_and_Techniques/boxFilter/.vscode/extensions.json
Samples/2_Concepts_and_Techniques/boxFilter/.vscode/launch.json
Samples/2_Concepts_and_Techniques/MC_EstimatePiInlineP/CMakeLists.txt
Samples/2_Concepts_and_Techniques/MC_EstimatePiInlineP/README.md
Samples/2_Concepts_and_Techniques/MC_EstimatePiInlineP/inc/test.h
Samples/2_Concepts_and_Techniques/MC_EstimatePiInlineP/inc/cudasharedmem.h
Samples/2_Concepts_and_Techniques/MC_EstimatePiInlineP/inc/piestimator.h
Samples/2_Concepts_and_Techniques/MC_EstimatePiInlineP/src/test.cpp
Samples/2_Concepts_and_Techniques/MC_EstimatePiInlineP/src/piestimator.cu
Samples/2_Concepts_and_Techniques/MC_EstimatePiInlineP/src/main.cpp
Samples/2_Concepts_and_Techniques/MC_EstimatePiInlineP/.vscode/c_cpp_properties.json
Samples/2_Concepts_and_Techniques/MC_EstimatePiInlineP/.vscode/extensions.json
Samples/2_Concepts_and_Techniques/MC_EstimatePiInlineP/.vscode/launch.json
Samples/2_Concepts_and_Techniques/scan/scan_common.h
Samples/2_Concepts_and_Techniques/scan/CMakeLists.txt
Samples/2_Concepts_and_Techniques/scan/README.md
Samples/2_Concepts_and_Techniques/scan/scan.cu
Samples/2_Concepts_and_Techniques/scan/main.cpp
Samples/2_Concepts_and_Techniques/scan/scan_gold.cpp
Samples/2_Concepts_and_Techniques/scan/.vscode/c_cpp_properties.json
Samples/2_Concepts_and_Techniques/scan/.vscode/extensions.json
Samples/2_Concepts_and_Techniques/scan/.vscode/launch.json
Samples/2_Concepts_and_Techniques/threadMigration/CMakeLists.txt
Samples/2_Concepts_and_Techniques/threadMigration/README.md
Samples/2_Concepts_and_Techniques/threadMigration/threadMigration.cpp
Samples/2_Concepts_and_Techniques/threadMigration/threadMigration_kernel.cu
Samples/2_Concepts_and_Techniques/threadMigration/.vscode/c_cpp_properties.json
Samples/2_Concepts_and_Techniques/threadMigration/.vscode/extensions.json
Samples/2_Concepts_and_Techniques/threadMigration/.vscode/launch.json
Samples/2_Concepts_and_Techniques/histogram/histogram_common.h
Samples/2_Concepts_and_Techniques/histogram/CMakeLists.txt
Samples/2_Concepts_and_Techniques/histogram/README.md
Samples/2_Concepts_and_Techniques/histogram/histogram_gold.cpp
Samples/2_Concepts_and_Techniques/histogram/histogram256.cu
Samples/2_Concepts_and_Techniques/histogram/main.cpp
Samples/2_Concepts_and_Techniques/histogram/histogram64.cu
Samples/2_Concepts_and_Techniques/histogram/.vscode/c_cpp_properties.json
Samples/2_Concepts_and_Techniques/histogram/.vscode/extensions.json
Samples/2_Concepts_and_Techniques/histogram/.vscode/launch.json
Samples/2_Concepts_and_Techniques/MC_EstimatePiP/CMakeLists.txt
Samples/2_Concepts_and_Techniques/MC_EstimatePiP/README.md
Samples/2_Concepts_and_Techniques/MC_EstimatePiP/inc/test.h
Samples/2_Concepts_and_Techniques/MC_EstimatePiP/inc/cudasharedmem.h
Samples/2_Concepts_and_Techniques/MC_EstimatePiP/inc/piestimator.h
Samples/2_Concepts_and_Techniques/MC_EstimatePiP/src/test.cpp
Samples/2_Concepts_and_Techniques/MC_EstimatePiP/src/piestimator.cu
Samples/2_Concepts_and_Techniques/MC_EstimatePiP/src/main.cpp
Samples/2_Concepts_and_Techniques/MC_EstimatePiP/.vscode/c_cpp_properties.json
Samples/2_Concepts_and_Techniques/MC_EstimatePiP/.vscode/extensions.json
Samples/2_Concepts_and_Techniques/MC_EstimatePiP/.vscode/launch.json
Samples/2_Concepts_and_Techniques/inlinePTX/CMakeLists.txt
Samples/2_Concepts_and_Techniques/inlinePTX/README.md
Samples/2_Concepts_and_Techniques/inlinePTX/inlinePTX.cu
Samples/2_Concepts_and_Techniques/inlinePTX/.vscode/c_cpp_properties.json
Samples/2_Concepts_and_Techniques/inlinePTX/.vscode/extensions.json
Samples/2_Concepts_and_Techniques/inlinePTX/.vscode/launch.json
Samples/2_Concepts_and_Techniques/convolutionSeparable/convolutionSeparable_common.h
Samples/2_Concepts_and_Techniques/convolutionSeparable/convolutionSeparable.cu
Samples/2_Concepts_and_Techniques/convolutionSeparable/CMakeLists.txt
Samples/2_Concepts_and_Techniques/convolutionSeparable/README.md
Samples/2_Concepts_and_Techniques/convolutionSeparable/convolutionSeparable_gold.cpp
Samples/2_Concepts_and_Techniques/convolutionSeparable/main.cpp
Samples/2_Concepts_and_Techniques/convolutionSeparable/.vscode/c_cpp_properties.json
Samples/2_Concepts_and_Techniques/convolutionSeparable/.vscode/extensions.json
Samples/2_Concepts_and_Techniques/convolutionSeparable/.vscode/launch.json
Samples/2_Concepts_and_Techniques/shfl_scan/CMakeLists.txt
Samples/2_Concepts_and_Techniques/shfl_scan/README.md
Samples/2_Concepts_and_Techniques/shfl_scan/shfl_integral_image.cuh
Samples/2_Concepts_and_Techniques/shfl_scan/util.h
Samples/2_Concepts_and_Techniques/shfl_scan/shfl_scan.cu
Samples/2_Concepts_and_Techniques/shfl_scan/.vscode/c_cpp_properties.json
Samples/2_Concepts_and_Techniques/shfl_scan/.vscode/extensions.json
Samples/2_Concepts_and_Techniques/shfl_scan/.vscode/launch.json
Samples/2_Concepts_and_Techniques/MC_EstimatePiQ/CMakeLists.txt
Samples/2_Concepts_and_Techniques/MC_EstimatePiQ/README.md
Samples/2_Concepts_and_Techniques/MC_EstimatePiQ/inc/test.h
Samples/2_Concepts_and_Techniques/MC_EstimatePiQ/inc/cudasharedmem.h
Samples/2_Concepts_and_Techniques/MC_EstimatePiQ/inc/piestimator.h
Samples/2_Concepts_and_Techniques/MC_EstimatePiQ/src/test.cpp
Samples/2_Concepts_and_Techniques/MC_EstimatePiQ/src/piestimator.cu
Samples/2_Concepts_and_Techniques/MC_EstimatePiQ/src/main.cpp
Samples/2_Concepts_and_Techniques/MC_EstimatePiQ/.vscode/c_cpp_properties.json
Samples/2_Concepts_and_Techniques/MC_EstimatePiQ/.vscode/extensions.json
Samples/2_Concepts_and_Techniques/MC_EstimatePiQ/.vscode/launch.json
Samples/2_Concepts_and_Techniques/inlinePTX_nvrtc/inlinePTX_kernel.cu
Samples/2_Concepts_and_Techniques/inlinePTX_nvrtc/inlinePTX.cpp
Samples/2_Concepts_and_Techniques/inlinePTX_nvrtc/CMakeLists.txt
Samples/2_Concepts_and_Techniques/inlinePTX_nvrtc/README.md
Samples/2_Concepts_and_Techniques/inlinePTX_nvrtc/.vscode/c_cpp_properties.json
Samples/2_Concepts_and_Techniques/inlinePTX_nvrtc/.vscode/extensions.json
Samples/2_Concepts_and_Techniques/inlinePTX_nvrtc/.vscode/launch.json
Samples/2_Concepts_and_Techniques/sortingNetworks/sortingNetworks_common.cuh
Samples/2_Concepts_and_Techniques/sortingNetworks/bitonicSort.cu
Samples/2_Concepts_and_Techniques/sortingNetworks/oddEvenMergeSort.cu
Samples/2_Concepts_and_Techniques/sortingNetworks/sortingNetworks_validate.cpp
Samples/2_Concepts_and_Techniques/sortingNetworks/CMakeLists.txt
Samples/2_Concepts_and_Techniques/sortingNetworks/README.md
Samples/2_Concepts_and_Techniques/sortingNetworks/main.cpp
Samples/2_Concepts_and_Techniques/sortingNetworks/sortingNetworks_common.h
Samples/2_Concepts_and_Techniques/sortingNetworks/.vscode/c_cpp_properties.json
Samples/2_Concepts_and_Techniques/sortingNetworks/.vscode/extensions.json
Samples/2_Concepts_and_Techniques/sortingNetworks/.vscode/launch.json
Common/nvQuaternion.h
Common/nvShaderUtils.h
Common/nvVector.h
Common/rendercheck_d3d11.cpp
Common/nvMatrix.h
Common/helper_cuda.h
Common/rendercheck_d3d11.h
Common/helper_image.h
Common/helper_cusolver.h
Common/drvapi_error_string.h
Common/param.h
Common/exception.h
Common/helper_gl.h
Common/paramgl.h
Common/dynlink_d3d11.h
Common/helper_nvJPEG.hxx
Common/multithreading.h
Common/helper_multiprocess.h
Common/helper_cuda_drvapi.h
Common/helper_functions.h
Common/multithreading.cpp
Common/helper_timer.h
Common/helper_string.h
Common/rendercheck_gl.h
Common/nvMath.h
Common/rendercheck_gles.h
Common/helper_math.h
Common/nvrtc_helper.h
Common/helper_multiprocess.cpp
Common/GL/glxext.h
Common/GL/glut.h
Common/GL/freeglut_ext.h
Common/GL/freeglut.h
Common/GL/glew.h
Common/GL/glext.h
Common/GL/freeglut_std.h
Common/GL/glxew.h
Common/GL/wglext.h
Common/GL/wglew.h
Common/UtilNPP/SignalAllocatorsCPU.h
Common/UtilNPP/ImageAllocatorsNPP.h
Common/UtilNPP/ImageAllocatorsCPU.h
Common/UtilNPP/Exceptions.h
Common/UtilNPP/SignalAllocatorsNPP.h
Common/UtilNPP/Signal.h
Common/UtilNPP/Image.h
Common/UtilNPP/ImagesNPP.h
Common/UtilNPP/Pixel.h
Common/UtilNPP/ImageIO.h
Common/UtilNPP/SignalsCPU.h
Common/UtilNPP/ImagesCPU.h
Common/UtilNPP/SignalsNPP.h
Common/UtilNPP/ImagePacked.h
Common/data/Rocks_512x512_8u_Gray.raw
